time,open,high,low,close,volume
2026-01-01T00:00:00Z,1.0998,1.1001,1.0997000000000001,1.1,100.0
2026-01-01T00:01:00Z,1.1,1.1003,1.0999,1.1002,100.0
2026-01-01T00:02:00Z,1.1002,1.1005,1.1001,1.1004,100.0
2026-01-01T00:03:00Z,1.1004,1.1007,1.1003,1.1006,100.0
2026-01-01T00:04:00Z,1.1006,1.1009,1.1005,1.1008,100.0
2026-01-01T00:05:00Z,1.1008,1.1011,1.1007,1.101,100.0
2026-01-01T00:06:00Z,1.1010000000000002,1.1013000000000002,1.1009000000000002,1.1012000000000002,100.0
2026-01-01T00:07:00Z,1.1012000000000002,1.1015000000000001,1.1011000000000002,1.1014000000000002,100.0
2026-01-01T00:08:00Z,1.1014000000000002,1.1017000000000001,1.1013000000000002,1.1016000000000001,100.0
2026-01-01T00:09:00Z,1.1016000000000001,1.1019,1.1015000000000001,1.1018000000000001,100.0
2026-01-01T00:10:00Z,1.1018000000000001,1.1021,1.1017000000000001,1.102,100.0
2026-01-01T00:11:00Z,1.102,1.1023,1.1019,1.1022,100.0
2026-01-01T00:12:00Z,1.1022,1.1025,1.1021,1.1024,100.0
2026-01-01T00:13:00Z,1.1024,1.1027,1.1023,1.1026,100.0
2026-01-01T00:14:00Z,1.1026,1.1029,1.1025,1.1028,100.0
2026-01-01T00:15:00Z,1.1028,1.1031,1.1027,1.103,100.0
2026-01-01T00:16:00Z,1.1030000000000002,1.1033000000000002,1.1029000000000002,1.1032000000000002,100.0
2026-01-01T00:17:00Z,1.1032000000000002,1.1035000000000001,1.1031000000000002,1.1034000000000002,100.0
2026-01-01T00:18:00Z,1.1034000000000002,1.1037000000000001,1.1033000000000002,1.1036000000000001,100.0
2026-01-01T00:19:00Z,1.1036000000000001,1.1039,1.1035000000000001,1.1038000000000001,100.0
2026-01-01T00:20:00Z,1.1038000000000001,1.1041,1.1037000000000001,1.104,100.0
2026-01-01T00:21:00Z,1.104,1.1043,1.1039,1.1042,100.0
2026-01-01T00:22:00Z,1.1042,1.1045,1.1041,1.1044,100.0
2026-01-01T00:23:00Z,1.1044,1.1047,1.1043,1.1046,100.0
2026-01-01T00:24:00Z,1.1046,1.1049,1.1045,1.1048,100.0
2026-01-01T00:25:00Z,1.1048,1.1051,1.1047,1.105,100.0
2026-01-01T00:26:00Z,1.1050000000000002,1.1053000000000002,1.1049000000000002,1.1052000000000002,100.0
2026-01-01T00:27:00Z,1.1052000000000002,1.1055000000000001,1.1051000000000002,1.1054000000000002,100.0
2026-01-01T00:28:00Z,1.1054000000000002,1.1057000000000001,1.1053000000000002,1.1056000000000001,100.0
2026-01-01T00:29:00Z,1.1056000000000001,1.1059,1.1055000000000001,1.1058000000000001,100.0
2026-01-01T00:30:00Z,1.1058000000000001,1.1061,1.1057000000000001,1.106,100.0
2026-01-01T00:31:00Z,1.106,1.1063,1.1059,1.1062,100.0
2026-01-01T00:32:00Z,1.1062,1.1065,1.1061,1.1064,100.0
2026-01-01T00:33:00Z,1.1064,1.1067,1.1063,1.1066,100.0
2026-01-01T00:34:00Z,1.1066,1.1069,1.1065,1.1068,100.0
2026-01-01T00:35:00Z,1.1068,1.1071,1.1067,1.107,100.0
2026-01-01T00:36:00Z,1.1070000000000002,1.1073000000000002,1.1069000000000002,1.1072000000000002,100.0
2026-01-01T00:37:00Z,1.1072000000000002,1.1075000000000002,1.1071000000000002,1.1074000000000002,100.0
2026-01-01T00:38:00Z,1.1074000000000002,1.1077000000000001,1.1073000000000002,1.1076000000000001,100.0
2026-01-01T00:39:00Z,1.1076000000000001,1.1079,1.1075000000000002,1.1078000000000001,100.0
2026-01-01T00:40:00Z,1.1078000000000001,1.1081,1.1077000000000001,1.108,100.0
2026-01-01T00:41:00Z,1.108,1.1083,1.1079,1.1082,100.0
2026-01-01T00:42:00Z,1.1082,1.1085,1.1081,1.1084,100.0
2026-01-01T00:43:00Z,1.1084,1.1087,1.1083,1.1086,100.0
2026-01-01T00:44:00Z,1.1086,1.1089,1.1085,1.1088,100.0
2026-01-01T00:45:00Z,1.1088,1.1091,1.1087,1.109,100.0
2026-01-01T00:46:00Z,1.1090000000000002,1.1093000000000002,1.1089000000000002,1.1092000000000002,100.0
2026-01-01T00:47:00Z,1.1092000000000002,1.1095000000000002,1.1091000000000002,1.1094000000000002,100.0
2026-01-01T00:48:00Z,1.1094000000000002,1.1097000000000001,1.1093000000000002,1.1096000000000001,100.0
2026-01-01T00:49:00Z,1.1096000000000001,1.1099,1.1095000000000002,1.1098000000000001,100.0
2026-01-01T00:50:00Z,1.1098000000000001,1.1101,1.1097000000000001,1.11,100.0
2026-01-01T00:51:00Z,1.11,1.1103,1.1099,1.1102,100.0
2026-01-01T00:52:00Z,1.1102,1.1105,1.1101,1.1104,100.0
2026-01-01T00:53:00Z,1.1104,1.1107,1.1103,1.1106,100.0
2026-01-01T00:54:00Z,1.1106,1.1109,1.1105,1.1108,100.0
2026-01-01T00:55:00Z,1.1108,1.1111,1.1107,1.111,100.0
2026-01-01T00:56:00Z,1.1110000000000002,1.1113000000000002,1.1109000000000002,1.1112000000000002,100.0
2026-01-01T00:57:00Z,1.1112000000000002,1.1115000000000002,1.1111000000000002,1.1114000000000002,100.0
2026-01-01T00:58:00Z,1.1114000000000002,1.1117000000000001,1.1113000000000002,1.1116000000000001,100.0
2026-01-01T00:59:00Z,1.1116000000000001,1.1119,1.1115000000000002,1.1118000000000001,100.0
2026-01-01T01:00:00Z,1.1118000000000001,1.1121,1.1117000000000001,1.112,100.0
2026-01-01T01:01:00Z,1.112,1.1123,1.1119,1.1122,100.0
2026-01-01T01:02:00Z,1.1122,1.1125,1.1121,1.1124,100.0
2026-01-01T01:03:00Z,1.1124,1.1127,1.1123,1.1126,100.0
2026-01-01T01:04:00Z,1.1126,1.1129,1.1125,1.1128,100.0
2026-01-01T01:05:00Z,1.1128,1.1131,1.1127,1.113,100.0
2026-01-01T01:06:00Z,1.1130000000000002,1.1133000000000002,1.1129000000000002,1.1132000000000002,100.0
2026-01-01T01:07:00Z,1.1132000000000002,1.1135000000000002,1.1131000000000002,1.1134000000000002,100.0
2026-01-01T01:08:00Z,1.1134000000000002,1.1137000000000001,1.1133000000000002,1.1136000000000001,100.0
2026-01-01T01:09:00Z,1.1136000000000001,1.1139000000000001,1.1135000000000002,1.1138000000000001,100.0
2026-01-01T01:10:00Z,1.1138000000000001,1.1141,1.1137000000000001,1.114,100.0
2026-01-01T01:11:00Z,1.114,1.1143,1.1139000000000001,1.1142,100.0
2026-01-01T01:12:00Z,1.1142,1.1145,1.1141,1.1144,100.0
2026-01-01T01:13:00Z,1.1144,1.1147,1.1143,1.1146,100.0
2026-01-01T01:14:00Z,1.1146,1.1149,1.1145,1.1148,100.0
2026-01-01T01:15:00Z,1.1148,1.1151,1.1147,1.115,100.0
2026-01-01T01:16:00Z,1.1150000000000002,1.1153000000000002,1.1149000000000002,1.1152000000000002,100.0
2026-01-01T01:17:00Z,1.1152000000000002,1.1155000000000002,1.1151000000000002,1.1154000000000002,100.0
2026-01-01T01:18:00Z,1.1154000000000002,1.1157000000000001,1.1153000000000002,1.1156000000000001,100.0
2026-01-01T01:19:00Z,1.1156000000000001,1.1159000000000001,1.1155000000000002,1.1158000000000001,100.0
2026-01-01T01:20:00Z,1.1158000000000001,1.1161,1.1157000000000001,1.116,100.0
2026-01-01T01:21:00Z,1.116,1.1163,1.1159000000000001,1.1162,100.0
2026-01-01T01:22:00Z,1.1162,1.1165,1.1161,1.1164,100.0
2026-01-01T01:23:00Z,1.1164,1.1167,1.1163,1.1166,100.0
2026-01-01T01:24:00Z,1.1166,1.1169,1.1165,1.1168,100.0
2026-01-01T01:25:00Z,1.1168,1.1171,1.1167,1.117,100.0
2026-01-01T01:26:00Z,1.1170000000000002,1.1173000000000002,1.1169000000000002,1.1172000000000002,100.0
2026-01-01T01:27:00Z,1.1172000000000002,1.1175000000000002,1.1171000000000002,1.1174000000000002,100.0
2026-01-01T01:28:00Z,1.1174000000000002,1.1177000000000001,1.1173000000000002,1.1176000000000001,100.0
2026-01-01T01:29:00Z,1.1176000000000001,1.1179000000000001,1.1175000000000002,1.1178000000000001,100.0
2026-01-01T01:30:00Z,1.1178000000000001,1.1181,1.1177000000000001,1.118,100.0
2026-01-01T01:31:00Z,1.118,1.1183,1.1179000000000001,1.1182,100.0
2026-01-01T01:32:00Z,1.1182,1.1185,1.1181,1.1184,100.0
2026-01-01T01:33:00Z,1.1184,1.1187,1.1183,1.1186,100.0
2026-01-01T01:34:00Z,1.1186,1.1189,1.1185,1.1188,100.0
2026-01-01T01:35:00Z,1.1188,1.1191,1.1187,1.119,100.0
2026-01-01T01:36:00Z,1.1190000000000002,1.1193000000000002,1.1189000000000002,1.1192000000000002,100.0
2026-01-01T01:37:00Z,1.1192000000000002,1.1195000000000002,1.1191000000000002,1.1194000000000002,100.0
2026-01-01T01:38:00Z,1.1194000000000002,1.1197000000000001,1.1193000000000002,1.1196000000000002,100.0
2026-01-01T01:39:00Z,1.1196000000000002,1.1199000000000001,1.1195000000000002,1.1198000000000001,100.0
2026-01-01T01:40:00Z,1.1198000000000001,1.1201,1.1197000000000001,1.12,100.0
2026-01-01T01:41:00Z,1.12,1.1203,1.1199000000000001,1.1202,100.0
2026-01-01T01:42:00Z,1.1202,1.1205,1.1201,1.1204,100.0
2026-01-01T01:43:00Z,1.1204,1.1207,1.1203,1.1206,100.0
2026-01-01T01:44:00Z,1.1206,1.1209,1.1205,1.1208,100.0
2026-01-01T01:45:00Z,1.1208,1.1211,1.1207,1.121,100.0
2026-01-01T01:46:00Z,1.1210000000000002,1.1213000000000002,1.1209000000000002,1.1212000000000002,100.0
2026-01-01T01:47:00Z,1.1212000000000002,1.1215000000000002,1.1211000000000002,1.1214000000000002,100.0
2026-01-01T01:48:00Z,1.1214000000000002,1.1217000000000001,1.1213000000000002,1.1216000000000002,100.0
2026-01-01T01:49:00Z,1.1216000000000002,1.1219000000000001,1.1215000000000002,1.1218000000000001,100.0
2026-01-01T01:50:00Z,1.1218000000000001,1.1221,1.1217000000000001,1.122,100.0
2026-01-01T01:51:00Z,1.122,1.1223,1.1219000000000001,1.1222,100.0
2026-01-01T01:52:00Z,1.1222,1.1225,1.1221,1.1224,100.0
2026-01-01T01:53:00Z,1.1224,1.1227,1.1223,1.1226,100.0
2026-01-01T01:54:00Z,1.1226,1.1229,1.1225,1.1228,100.0
2026-01-01T01:55:00Z,1.1228,1.1231,1.1227,1.123,100.0
2026-01-01T01:56:00Z,1.1230000000000002,1.1233000000000002,1.1229000000000002,1.1232000000000002,100.0
2026-01-01T01:57:00Z,1.1232000000000002,1.1235000000000002,1.1231000000000002,1.1234000000000002,100.0
2026-01-01T01:58:00Z,1.1234000000000002,1.1237000000000001,1.1233000000000002,1.1236000000000002,100.0
2026-01-01T01:59:00Z,1.1236000000000002,1.1239000000000001,1.1235000000000002,1.1238000000000001,100.0
2026-01-01T02:00:00Z,1.1238000000000001,1.1241,1.1237000000000001,1.124,100.0
2026-01-01T02:01:00Z,1.124,1.1243,1.1239000000000001,1.1242,100.0
2026-01-01T02:02:00Z,1.1242,1.1245,1.1241,1.1244,100.0
2026-01-01T02:03:00Z,1.1244,1.1247,1.1243,1.1246,100.0
2026-01-01T02:04:00Z,1.1246,1.1249,1.1245,1.1248,100.0
2026-01-01T02:05:00Z,1.1248,1.1251,1.1247,1.125,100.0
2026-01-01T02:06:00Z,1.125,1.1253,1.1249,1.1252,100.0
2026-01-01T02:07:00Z,1.1252000000000002,1.1255000000000002,1.1251000000000002,1.1254000000000002,100.0
2026-01-01T02:08:00Z,1.1254000000000002,1.1257000000000001,1.1253000000000002,1.1256000000000002,100.0
2026-01-01T02:09:00Z,1.1256000000000002,1.1259000000000001,1.1255000000000002,1.1258000000000001,100.0
2026-01-01T02:10:00Z,1.1258000000000001,1.1261,1.1257000000000001,1.1260000000000001,100.0
2026-01-01T02:11:00Z,1.1260000000000001,1.1263,1.1259000000000001,1.1262,100.0
2026-01-01T02:12:00Z,1.1262,1.1265,1.1261,1.1264,100.0
2026-01-01T02:13:00Z,1.1264,1.1267,1.1263,1.1266,100.0
2026-01-01T02:14:00Z,1.1266,1.1269,1.1265,1.1268,100.0
2026-01-01T02:15:00Z,1.1268,1.1271,1.1267,1.127,100.0
2026-01-01T02:16:00Z,1.1270000000000002,1.1273000000000002,1.1269000000000002,1.1272000000000002,100.0
2026-01-01T02:17:00Z,1.1272000000000002,1.1275000000000002,1.1271000000000002,1.1274000000000002,100.0
2026-01-01T02:18:00Z,1.1274000000000002,1.1277000000000001,1.1273000000000002,1.1276000000000002,100.0
2026-01-01T02:19:00Z,1.1276000000000002,1.1279000000000001,1.1275000000000002,1.1278000000000001,100.0
2026-01-01T02:20:00Z,1.1278000000000001,1.1281,1.1277000000000001,1.1280000000000001,100.0
2026-01-01T02:21:00Z,1.1280000000000001,1.1283,1.1279000000000001,1.1282,100.0
2026-01-01T02:22:00Z,1.1282,1.1285,1.1281,1.1284,100.0
2026-01-01T02:23:00Z,1.1284,1.1287,1.1283,1.1286,100.0
2026-01-01T02:24:00Z,1.1286,1.1289,1.1285,1.1288,100.0
2026-01-01T02:25:00Z,1.1288,1.1291,1.1287,1.129,100.0
2026-01-01T02:26:00Z,1.129,1.1293,1.1289,1.1292,100.0
2026-01-01T02:27:00Z,1.1292000000000002,1.1295000000000002,1.1291000000000002,1.1294000000000002,100.0
2026-01-01T02:28:00Z,1.1294000000000002,1.1297000000000001,1.1293000000000002,1.1296000000000002,100.0
2026-01-01T02:29:00Z,1.1296000000000002,1.1299000000000001,1.1295000000000002,1.1298000000000001,100.0
2026-01-01T02:30:00Z,1.1298000000000001,1.1301,1.1297000000000001,1.1300000000000001,100.0
2026-01-01T02:31:00Z,1.1300000000000001,1.1303,1.1299000000000001,1.1302,100.0
2026-01-01T02:32:00Z,1.1302,1.1305,1.1301,1.1304,100.0
2026-01-01T02:33:00Z,1.1304,1.1307,1.1303,1.1306,100.0
2026-01-01T02:34:00Z,1.1306,1.1309,1.1305,1.1308,100.0
2026-01-01T02:35:00Z,1.1308,1.1311,1.1307,1.131,100.0
2026-01-01T02:36:00Z,1.131,1.1313,1.1309,1.1312,100.0
2026-01-01T02:37:00Z,1.1312000000000002,1.1315000000000002,1.1311000000000002,1.1314000000000002,100.0
2026-01-01T02:38:00Z,1.1314000000000002,1.1317000000000002,1.1313000000000002,1.1316000000000002,100.0
2026-01-01T02:39:00Z,1.1316000000000002,1.1319000000000001,1.1315000000000002,1.1318000000000001,100.0
2026-01-01T02:40:00Z,1.1318000000000001,1.1321,1.1317000000000002,1.1320000000000001,100.0
2026-01-01T02:41:00Z,1.1320000000000001,1.1323,1.1319000000000001,1.1322,100.0
2026-01-01T02:42:00Z,1.1322,1.1325,1.1321,1.1324,100.0
2026-01-01T02:43:00Z,1.1324,1.1327,1.1323,1.1326,100.0
2026-01-01T02:44:00Z,1.1326,1.1329,1.1325,1.1328,100.0
2026-01-01T02:45:00Z,1.1328,1.1331,1.1327,1.133,100.0
2026-01-01T02:46:00Z,1.133,1.1333,1.1329,1.1332,100.0
2026-01-01T02:47:00Z,1.1332000000000002,1.1335000000000002,1.1331000000000002,1.1334000000000002,100.0
2026-01-01T02:48:00Z,1.1334000000000002,1.1337000000000002,1.1333000000000002,1.1336000000000002,100.0
2026-01-01T02:49:00Z,1.1336000000000002,1.1339000000000001,1.1335000000000002,1.1338000000000001,100.0
2026-01-01T02:50:00Z,1.1338000000000001,1.1341,1.1337000000000002,1.1340000000000001,100.0
2026-01-01T02:51:00Z,1.1340000000000001,1.1343,1.1339000000000001,1.1342,100.0
2026-01-01T02:52:00Z,1.1342,1.1345,1.1341,1.1344,100.0
2026-01-01T02:53:00Z,1.1344,1.1347,1.1343,1.1346,100.0
2026-01-01T02:54:00Z,1.1346,1.1349,1.1345,1.1348,100.0
2026-01-01T02:55:00Z,1.1348,1.1351,1.1347,1.135,100.0
2026-01-01T02:56:00Z,1.135,1.1353,1.1349,1.1352,100.0
2026-01-01T02:57:00Z,1.1352000000000002,1.1355000000000002,1.1351000000000002,1.1354000000000002,100.0
2026-01-01T02:58:00Z,1.1354000000000002,1.1357000000000002,1.1353000000000002,1.1356000000000002,100.0
2026-01-01T02:59:00Z,1.1356000000000002,1.1359000000000001,1.1355000000000002,1.1358000000000001,100.0
2026-01-01T03:00:00Z,1.1358000000000001,1.1361,1.1357000000000002,1.1360000000000001,100.0
2026-01-01T03:01:00Z,1.1360000000000001,1.1363,1.1359000000000001,1.1362,100.0
2026-01-01T03:02:00Z,1.1362,1.1365,1.1361,1.1364,100.0
2026-01-01T03:03:00Z,1.1364,1.1367,1.1363,1.1366,100.0
2026-01-01T03:04:00Z,1.1366,1.1369,1.1365,1.1368,100.0
2026-01-01T03:05:00Z,1.1368,1.1371,1.1367,1.137,100.0
2026-01-01T03:06:00Z,1.137,1.1373,1.1369,1.1372,100.0
2026-01-01T03:07:00Z,1.1372000000000002,1.1375000000000002,1.1371000000000002,1.1374000000000002,100.0
2026-01-01T03:08:00Z,1.1374000000000002,1.1377000000000002,1.1373000000000002,1.1376000000000002,100.0
2026-01-01T03:09:00Z,1.1376000000000002,1.1379000000000001,1.1375000000000002,1.1378000000000001,100.0
2026-01-01T03:10:00Z,1.1378000000000001,1.1381000000000001,1.1377000000000002,1.1380000000000001,100.0
2026-01-01T03:11:00Z,1.1380000000000001,1.1383,1.1379000000000001,1.1382,100.0
2026-01-01T03:12:00Z,1.1382,1.1385,1.1381000000000001,1.1384,100.0
2026-01-01T03:13:00Z,1.1384,1.1387,1.1383,1.1386,100.0
2026-01-01T03:14:00Z,1.1386,1.1389,1.1385,1.1388,100.0
2026-01-01T03:15:00Z,1.1388,1.1391,1.1387,1.139,100.0
2026-01-01T03:16:00Z,1.139,1.1393,1.1389,1.1392,100.0
2026-01-01T03:17:00Z,1.1392000000000002,1.1395000000000002,1.1391000000000002,1.1394000000000002,100.0
2026-01-01T03:18:00Z,1.1394000000000002,1.1397000000000002,1.1393000000000002,1.1396000000000002,100.0
2026-01-01T03:19:00Z,1.1396000000000002,1.1399000000000001,1.1395000000000002,1.1398000000000001,100.0
2026-01-01T03:20:00Z,1.1398000000000001,1.1401000000000001,1.1397000000000002,1.1400000000000001,100.0
2026-01-01T03:21:00Z,1.1400000000000001,1.1403,1.1399000000000001,1.1402,100.0
2026-01-01T03:22:00Z,1.1402,1.1405,1.1401000000000001,1.1404,100.0
2026-01-01T03:23:00Z,1.1404,1.1407,1.1403,1.1406,100.0
2026-01-01T03:24:00Z,1.1406,1.1409,1.1405,1.1408,100.0
2026-01-01T03:25:00Z,1.1408,1.1411,1.1407,1.141,100.0
2026-01-01T03:26:00Z,1.141,1.1413,1.1409,1.1412,100.0
2026-01-01T03:27:00Z,1.1412000000000002,1.1415000000000002,1.1411000000000002,1.1414000000000002,100.0
2026-01-01T03:28:00Z,1.1414000000000002,1.1417000000000002,1.1413000000000002,1.1416000000000002,100.0
2026-01-01T03:29:00Z,1.1416000000000002,1.1419000000000001,1.1415000000000002,1.1418000000000001,100.0
2026-01-01T03:30:00Z,1.1418000000000001,1.1421000000000001,1.1417000000000002,1.1420000000000001,100.0
2026-01-01T03:31:00Z,1.1420000000000001,1.1423,1.1419000000000001,1.1422,100.0
2026-01-01T03:32:00Z,1.1422,1.1425,1.1421000000000001,1.1424,100.0
2026-01-01T03:33:00Z,1.1424,1.1427,1.1423,1.1426,100.0
2026-01-01T03:34:00Z,1.1426,1.1429,1.1425,1.1428,100.0
2026-01-01T03:35:00Z,1.1428,1.1431,1.1427,1.143,100.0
2026-01-01T03:36:00Z,1.143,1.1433,1.1429,1.1432,100.0
2026-01-01T03:37:00Z,1.1432000000000002,1.1435000000000002,1.1431000000000002,1.1434000000000002,100.0
2026-01-01T03:38:00Z,1.1434000000000002,1.1437000000000002,1.1433000000000002,1.1436000000000002,100.0
2026-01-01T03:39:00Z,1.1436000000000002,1.1439000000000001,1.1435000000000002,1.1438000000000001,100.0
2026-01-01T03:40:00Z,1.1438000000000001,1.1441000000000001,1.1437000000000002,1.1440000000000001,100.0
2026-01-01T03:41:00Z,1.1440000000000001,1.1443,1.1439000000000001,1.1442,100.0
2026-01-01T03:42:00Z,1.1442,1.1445,1.1441000000000001,1.1444,100.0
2026-01-01T03:43:00Z,1.1444,1.1447,1.1443,1.1446,100.0
2026-01-01T03:44:00Z,1.1446,1.1449,1.1445,1.1448,100.0
2026-01-01T03:45:00Z,1.1448,1.1451,1.1447,1.145,100.0
2026-01-01T03:46:00Z,1.145,1.1453,1.1449,1.1452,100.0
2026-01-01T03:47:00Z,1.1452000000000002,1.1455000000000002,1.1451000000000002,1.1454000000000002,100.0
2026-01-01T03:48:00Z,1.1454000000000002,1.1457000000000002,1.1453000000000002,1.1456000000000002,100.0
2026-01-01T03:49:00Z,1.1456000000000002,1.1459000000000001,1.1455000000000002,1.1458000000000002,100.0
2026-01-01T03:50:00Z,1.1458000000000002,1.1461000000000001,1.1457000000000002,1.1460000000000001,100.0
2026-01-01T03:51:00Z,1.1460000000000001,1.1463,1.1459000000000001,1.1462,100.0
2026-01-01T03:52:00Z,1.1462,1.1465,1.1461000000000001,1.1464,100.0
2026-01-01T03:53:00Z,1.1464,1.1467,1.1463,1.1466,100.0
2026-01-01T03:54:00Z,1.1466,1.1469,1.1465,1.1468,100.0
2026-01-01T03:55:00Z,1.1468,1.1471,1.1467,1.147,100.0
2026-01-01T03:56:00Z,1.147,1.1473,1.1469,1.1472,100.0
2026-01-01T03:57:00Z,1.1472000000000002,1.1475000000000002,1.1471000000000002,1.1474000000000002,100.0
2026-01-01T03:58:00Z,1.1474000000000002,1.1477000000000002,1.1473000000000002,1.1476000000000002,100.0
2026-01-01T03:59:00Z,1.1476000000000002,1.1479000000000001,1.1475000000000002,1.1478000000000002,100.0
2026-01-01T04:00:00Z,1.1478000000000002,1.1481000000000001,1.1477000000000002,1.1480000000000001,100.0
2026-01-01T04:01:00Z,1.1480000000000001,1.1483,1.1479000000000001,1.1482,100.0
2026-01-01T04:02:00Z,1.1482,1.1485,1.1481000000000001,1.1484,100.0
2026-01-01T04:03:00Z,1.1484,1.1487,1.1483,1.1486,100.0
2026-01-01T04:04:00Z,1.1486,1.1489,1.1485,1.1488,100.0
2026-01-01T04:05:00Z,1.1488,1.1491,1.1487,1.149,100.0
2026-01-01T04:06:00Z,1.149,1.1493,1.1489,1.1492,100.0
2026-01-01T04:07:00Z,1.1492,1.1495,1.1491,1.1494,100.0
2026-01-01T04:08:00Z,1.1494000000000002,1.1497000000000002,1.1493000000000002,1.1496000000000002,100.0
2026-01-01T04:09:00Z,1.1496000000000002,1.1499000000000001,1.1495000000000002,1.1498000000000002,100.0
2026-01-01T04:10:00Z,1.1498000000000002,1.1501000000000001,1.1497000000000002,1.1500000000000001,100.0
2026-01-01T04:11:00Z,1.1500000000000001,1.1503,1.1499000000000001,1.1502000000000001,100.0
2026-01-01T04:12:00Z,1.1502000000000001,1.1505,1.1501000000000001,1.1504,100.0
2026-01-01T04:13:00Z,1.1504,1.1507,1.1503,1.1506,100.0
2026-01-01T04:14:00Z,1.1506,1.1509,1.1505,1.1508,100.0
2026-01-01T04:15:00Z,1.1508,1.1511,1.1507,1.151,100.0
2026-01-01T04:16:00Z,1.151,1.1513,1.1509,1.1512,100.0
2026-01-01T04:17:00Z,1.1512000000000002,1.1515000000000002,1.1511000000000002,1.1514000000000002,100.0
2026-01-01T04:18:00Z,1.1514000000000002,1.1517000000000002,1.1513000000000002,1.1516000000000002,100.0
2026-01-01T04:19:00Z,1.1516000000000002,1.1519000000000001,1.1515000000000002,1.1518000000000002,100.0
2026-01-01T04:20:00Z,1.1518000000000002,1.1521000000000001,1.1517000000000002,1.1520000000000001,100.0
2026-01-01T04:21:00Z,1.1520000000000001,1.1523,1.1519000000000001,1.1522000000000001,100.0
2026-01-01T04:22:00Z,1.1522000000000001,1.1525,1.1521000000000001,1.1524,100.0
2026-01-01T04:23:00Z,1.1524,1.1527,1.1523,1.1526,100.0
2026-01-01T04:24:00Z,1.1526,1.1529,1.1525,1.1528,100.0
2026-01-01T04:25:00Z,1.1528,1.1531,1.1527,1.153,100.0
2026-01-01T04:26:00Z,1.153,1.1533,1.1529,1.1532,100.0
2026-01-01T04:27:00Z,1.1532,1.1535,1.1531,1.1534,100.0
2026-01-01T04:28:00Z,1.1534000000000002,1.1537000000000002,1.1533000000000002,1.1536000000000002,100.0
2026-01-01T04:29:00Z,1.1536000000000002,1.1539000000000001,1.1535000000000002,1.1538000000000002,100.0
2026-01-01T04:30:00Z,1.1538000000000002,1.1541000000000001,1.1537000000000002,1.1540000000000001,100.0
2026-01-01T04:31:00Z,1.1540000000000001,1.1543,1.1539000000000001,1.1542000000000001,100.0
2026-01-01T04:32:00Z,1.1542000000000001,1.1545,1.1541000000000001,1.1544,100.0
2026-01-01T04:33:00Z,1.1544,1.1547,1.1543,1.1546,100.0
2026-01-01T04:34:00Z,1.1546,1.1549,1.1545,1.1548,100.0
2026-01-01T04:35:00Z,1.1548,1.1551,1.1547,1.155,100.0
2026-01-01T04:36:00Z,1.155,1.1553,1.1549,1.1552,100.0
2026-01-01T04:37:00Z,1.1552000000000002,1.1555000000000002,1.1551000000000002,1.1554000000000002,100.0
2026-01-01T04:38:00Z,1.1554000000000002,1.1557000000000002,1.1553000000000002,1.1556000000000002,100.0
2026-01-01T04:39:00Z,1.1556000000000002,1.1559000000000001,1.1555000000000002,1.1558000000000002,100.0
2026-01-01T04:40:00Z,1.1558000000000002,1.1561000000000001,1.1557000000000002,1.1560000000000001,100.0
2026-01-01T04:41:00Z,1.1560000000000001,1.1563,1.1559000000000001,1.1562000000000001,100.0
2026-01-01T04:42:00Z,1.1562000000000001,1.1565,1.1561000000000001,1.1564,100.0
2026-01-01T04:43:00Z,1.1564,1.1567,1.1563,1.1566,100.0
2026-01-01T04:44:00Z,1.1566,1.1569,1.1565,1.1568,100.0
2026-01-01T04:45:00Z,1.1568,1.1571,1.1567,1.157,100.0
2026-01-01T04:46:00Z,1.157,1.1573,1.1569,1.1572,100.0
2026-01-01T04:47:00Z,1.1572,1.1575,1.1571,1.1574,100.0
2026-01-01T04:48:00Z,1.1574000000000002,1.1577000000000002,1.1573000000000002,1.1576000000000002,100.0
2026-01-01T04:49:00Z,1.1576000000000002,1.1579000000000002,1.1575000000000002,1.1578000000000002,100.0
2026-01-01T04:50:00Z,1.1578000000000002,1.1581000000000001,1.1577000000000002,1.1580000000000001,100.0
2026-01-01T04:51:00Z,1.1580000000000001,1.1583,1.1579000000000002,1.1582000000000001,100.0
2026-01-01T04:52:00Z,1.1582000000000001,1.1585,1.1581000000000001,1.1584,100.0
2026-01-01T04:53:00Z,1.1584,1.1587,1.1583,1.1586,100.0
2026-01-01T04:54:00Z,1.1586,1.1589,1.1585,1.1588,100.0
2026-01-01T04:55:00Z,1.1588,1.1591,1.1587,1.159,100.0
2026-01-01T04:56:00Z,1.159,1.1593,1.1589,1.1592,100.0
2026-01-01T04:57:00Z,1.1592,1.1595,1.1591,1.1594,100.0
2026-01-01T04:58:00Z,1.1594000000000002,1.1597000000000002,1.1593000000000002,1.1596000000000002,100.0
2026-01-01T04:59:00Z,1.1596000000000002,1.1599000000000002,1.1595000000000002,1.1598000000000002,100.0
2026-01-01T05:00:00Z,1.1598000000000002,1.1601000000000001,1.1597000000000002,1.1600000000000001,100.0
2026-01-01T05:01:00Z,1.1600000000000001,1.1603,1.1599000000000002,1.1602000000000001,100.0
2026-01-01T05:02:00Z,1.1602000000000001,1.1605,1.1601000000000001,1.1604,100.0
2026-01-01T05:03:00Z,1.1604,1.1607,1.1603,1.1606,100.0
2026-01-01T05:04:00Z,1.1606,1.1609,1.1605,1.1608,100.0
2026-01-01T05:05:00Z,1.1608,1.1611,1.1607,1.161,100.0
2026-01-01T05:06:00Z,1.161,1.1613,1.1609,1.1612,100.0
2026-01-01T05:07:00Z,1.1612,1.1615,1.1611,1.1614,100.0
2026-01-01T05:08:00Z,1.1614000000000002,1.1617000000000002,1.1613000000000002,1.1616000000000002,100.0
2026-01-01T05:09:00Z,1.1616000000000002,1.1619000000000002,1.1615000000000002,1.1618000000000002,100.0
2026-01-01T05:10:00Z,1.1618000000000002,1.1621000000000001,1.1617000000000002,1.1620000000000001,100.0
2026-01-01T05:11:00Z,1.1620000000000001,1.1623,1.1619000000000002,1.1622000000000001,100.0
2026-01-01T05:12:00Z,1.1622000000000001,1.1625,1.1621000000000001,1.1624,100.0
2026-01-01T05:13:00Z,1.1624,1.1627,1.1623,1.1626,100.0
2026-01-01T05:14:00Z,1.1626,1.1629,1.1625,1.1628,100.0
2026-01-01T05:15:00Z,1.1628,1.1631,1.1627,1.163,100.0
2026-01-01T05:16:00Z,1.163,1.1633,1.1629,1.1632,100.0
2026-01-01T05:17:00Z,1.1632,1.1635,1.1631,1.1634,100.0
2026-01-01T05:18:00Z,1.1634000000000002,1.1637000000000002,1.1633000000000002,1.1636000000000002,100.0
2026-01-01T05:19:00Z,1.1636000000000002,1.1639000000000002,1.1635000000000002,1.1638000000000002,100.0
2026-01-01T05:20:00Z,1.1638000000000002,1.1641000000000001,1.1637000000000002,1.1640000000000001,100.0
2026-01-01T05:21:00Z,1.1640000000000001,1.1643000000000001,1.1639000000000002,1.1642000000000001,100.0
2026-01-01T05:22:00Z,1.1642000000000001,1.1645,1.1641000000000001,1.1644,100.0
2026-01-01T05:23:00Z,1.1644,1.1647,1.1643000000000001,1.1646,100.0
2026-01-01T05:24:00Z,1.1646,1.1649,1.1645,1.1648,100.0
2026-01-01T05:25:00Z,1.1648,1.1651,1.1647,1.165,100.0
2026-01-01T05:26:00Z,1.165,1.1653,1.1649,1.1652,100.0
2026-01-01T05:27:00Z,1.1652,1.1655,1.1651,1.1654,100.0
2026-01-01T05:28:00Z,1.1654000000000002,1.1657000000000002,1.1653000000000002,1.1656000000000002,100.0
2026-01-01T05:29:00Z,1.1656000000000002,1.1659000000000002,1.1655000000000002,1.1658000000000002,100.0
2026-01-01T05:30:00Z,1.1658000000000002,1.1661000000000001,1.1657000000000002,1.1660000000000001,100.0
2026-01-01T05:31:00Z,1.1660000000000001,1.1663000000000001,1.1659000000000002,1.1662000000000001,100.0
2026-01-01T05:32:00Z,1.1662000000000001,1.1665,1.1661000000000001,1.1664,100.0
2026-01-01T05:33:00Z,1.1664,1.1667,1.1663000000000001,1.1666,100.0
2026-01-01T05:34:00Z,1.1666,1.1669,1.1665,1.1668,100.0
2026-01-01T05:35:00Z,1.1668,1.1671,1.1667,1.167,100.0
2026-01-01T05:36:00Z,1.167,1.1673,1.1669,1.1672,100.0
2026-01-01T05:37:00Z,1.1672,1.1675,1.1671,1.1674,100.0
2026-01-01T05:38:00Z,1.1674000000000002,1.1677000000000002,1.1673000000000002,1.1676000000000002,100.0
2026-01-01T05:39:00Z,1.1676000000000002,1.1679000000000002,1.1675000000000002,1.1678000000000002,100.0
2026-01-01T05:40:00Z,1.1678000000000002,1.1681000000000001,1.1677000000000002,1.1680000000000001,100.0
2026-01-01T05:41:00Z,1.1680000000000001,1.1683000000000001,1.1679000000000002,1.1682000000000001,100.0
2026-01-01T05:42:00Z,1.1682000000000001,1.1685,1.1681000000000001,1.1684,100.0
2026-01-01T05:43:00Z,1.1684,1.1687,1.1683000000000001,1.1686,100.0
2026-01-01T05:44:00Z,1.1686,1.1689,1.1685,1.1688,100.0
2026-01-01T05:45:00Z,1.1688,1.1691,1.1687,1.169,100.0
2026-01-01T05:46:00Z,1.169,1.1693,1.1689,1.1692,100.0
2026-01-01T05:47:00Z,1.1692,1.1695,1.1691,1.1694,100.0
2026-01-01T05:48:00Z,1.1694000000000002,1.1697000000000002,1.1693000000000002,1.1696000000000002,100.0
2026-01-01T05:49:00Z,1.1696000000000002,1.1699000000000002,1.1695000000000002,1.1698000000000002,100.0
2026-01-01T05:50:00Z,1.1698000000000002,1.1701000000000001,1.1697000000000002,1.1700000000000002,100.0
2026-01-01T05:51:00Z,1.1700000000000002,1.1703000000000001,1.1699000000000002,1.1702000000000001,100.0
2026-01-01T05:52:00Z,1.1702000000000001,1.1705,1.1701000000000001,1.1704,100.0
2026-01-01T05:53:00Z,1.1704,1.1707,1.1703000000000001,1.1706,100.0
2026-01-01T05:54:00Z,1.1706,1.1709,1.1705,1.1708,100.0
2026-01-01T05:55:00Z,1.1708,1.1711,1.1707,1.171,100.0
2026-01-01T05:56:00Z,1.171,1.1713,1.1709,1.1712,100.0
2026-01-01T05:57:00Z,1.1712,1.1715,1.1711,1.1714,100.0
2026-01-01T05:58:00Z,1.1714000000000002,1.1717000000000002,1.1713000000000002,1.1716000000000002,100.0
2026-01-01T05:59:00Z,1.1716000000000002,1.1719000000000002,1.1715000000000002,1.1718000000000002,100.0
2026-01-01T06:00:00Z,1.1718000000000002,1.1721000000000001,1.1717000000000002,1.1720000000000002,100.0
2026-01-01T06:01:00Z,1.1720000000000002,1.1723000000000001,1.1719000000000002,1.1722000000000001,100.0
2026-01-01T06:02:00Z,1.1722000000000001,1.1725,1.1721000000000001,1.1724,100.0
2026-01-01T06:03:00Z,1.1724,1.1727,1.1723000000000001,1.1726,100.0
2026-01-01T06:04:00Z,1.1726,1.1729,1.1725,1.1728,100.0
2026-01-01T06:05:00Z,1.1728,1.1731,1.1727,1.173,100.0
2026-01-01T06:06:00Z,1.173,1.1733,1.1729,1.1732,100.0
2026-01-01T06:07:00Z,1.1732,1.1735,1.1731,1.1734,100.0
2026-01-01T06:08:00Z,1.1734,1.1737,1.1733,1.1736,100.0
2026-01-01T06:09:00Z,1.1736000000000002,1.1739000000000002,1.1735000000000002,1.1738000000000002,100.0
2026-01-01T06:10:00Z,1.1738000000000002,1.1741000000000001,1.1737000000000002,1.1740000000000002,100.0
2026-01-01T06:11:00Z,1.1740000000000002,1.1743000000000001,1.1739000000000002,1.1742000000000001,100.0
2026-01-01T06:12:00Z,1.1742000000000001,1.1745,1.1741000000000001,1.1744,100.0
2026-01-01T06:13:00Z,1.1744,1.1747,1.1743000000000001,1.1746,100.0
2026-01-01T06:14:00Z,1.1746,1.1749,1.1745,1.1748,100.0
2026-01-01T06:15:00Z,1.1748,1.1751,1.1747,1.175,100.0
2026-01-01T06:16:00Z,1.175,1.1753,1.1749,1.1752,100.0
2026-01-01T06:17:00Z,1.1752,1.1755,1.1751,1.1754,100.0
2026-01-01T06:18:00Z,1.1754000000000002,1.1757000000000002,1.1753000000000002,1.1756000000000002,100.0
2026-01-01T06:19:00Z,1.1756000000000002,1.1759000000000002,1.1755000000000002,1.1758000000000002,100.0
2026-01-01T06:20:00Z,1.1758000000000002,1.1761000000000001,1.1757000000000002,1.1760000000000002,100.0
2026-01-01T06:21:00Z,1.1760000000000002,1.1763000000000001,1.1759000000000002,1.1762000000000001,100.0
2026-01-01T06:22:00Z,1.1762000000000001,1.1765,1.1761000000000001,1.1764000000000001,100.0
2026-01-01T06:23:00Z,1.1764000000000001,1.1767,1.1763000000000001,1.1766,100.0
2026-01-01T06:24:00Z,1.1766,1.1769,1.1765,1.1768,100.0
2026-01-01T06:25:00Z,1.1768,1.1771,1.1767,1.177,100.0
2026-01-01T06:26:00Z,1.177,1.1773,1.1769,1.1772,100.0
2026-01-01T06:27:00Z,1.1772,1.1775,1.1771,1.1774,100.0
2026-01-01T06:28:00Z,1.1774,1.1777,1.1773,1.1776,100.0
2026-01-01T06:29:00Z,1.1776000000000002,1.1779000000000002,1.1775000000000002,1.1778000000000002,100.0
2026-01-01T06:30:00Z,1.1778000000000002,1.1781000000000001,1.1777000000000002,1.1780000000000002,100.0
2026-01-01T06:31:00Z,1.1780000000000002,1.1783000000000001,1.1779000000000002,1.1782000000000001,100.0
2026-01-01T06:32:00Z,1.1782000000000001,1.1785,1.1781000000000001,1.1784000000000001,100.0
2026-01-01T06:33:00Z,1.1784000000000001,1.1787,1.1783000000000001,1.1786,100.0
2026-01-01T06:34:00Z,1.1786,1.1789,1.1785,1.1788,100.0
2026-01-01T06:35:00Z,1.1788,1.1791,1.1787,1.179,100.0
2026-01-01T06:36:00Z,1.179,1.1793,1.1789,1.1792,100.0
2026-01-01T06:37:00Z,1.1792,1.1795,1.1791,1.1794,100.0
2026-01-01T06:38:00Z,1.1794000000000002,1.1797000000000002,1.1793000000000002,1.1796000000000002,100.0
2026-01-01T06:39:00Z,1.1796000000000002,1.1799000000000002,1.1795000000000002,1.1798000000000002,100.0
2026-01-01T06:40:00Z,1.1798000000000002,1.1801000000000001,1.1797000000000002,1.1800000000000002,100.0
2026-01-01T06:41:00Z,1.1800000000000002,1.1803000000000001,1.1799000000000002,1.1802000000000001,100.0
2026-01-01T06:42:00Z,1.1802000000000001,1.1805,1.1801000000000001,1.1804000000000001,100.0
2026-01-01T06:43:00Z,1.1804000000000001,1.1807,1.1803000000000001,1.1806,100.0
2026-01-01T06:44:00Z,1.1806,1.1809,1.1805,1.1808,100.0
2026-01-01T06:45:00Z,1.1808,1.1811,1.1807,1.181,100.0
2026-01-01T06:46:00Z,1.181,1.1813,1.1809,1.1812,100.0
2026-01-01T06:47:00Z,1.1812,1.1815,1.1811,1.1814,100.0
2026-01-01T06:48:00Z,1.1814,1.1817,1.1813,1.1816,100.0
2026-01-01T06:49:00Z,1.1816000000000002,1.1819000000000002,1.1815000000000002,1.1818000000000002,100.0
2026-01-01T06:50:00Z,1.1818000000000002,1.1821000000000002,1.1817000000000002,1.1820000000000002,100.0
2026-01-01T06:51:00Z,1.1820000000000002,1.1823000000000001,1.1819000000000002,1.1822000000000001,100.0
2026-01-01T06:52:00Z,1.1822000000000001,1.1825,1.1821000000000002,1.1824000000000001,100.0
2026-01-01T06:53:00Z,1.1824000000000001,1.1827,1.1823000000000001,1.1826,100.0
2026-01-01T06:54:00Z,1.1826,1.1829,1.1825,1.1828,100.0
2026-01-01T06:55:00Z,1.1828,1.1831,1.1827,1.183,100.0
2026-01-01T06:56:00Z,1.183,1.1833,1.1829,1.1832,100.0
2026-01-01T06:57:00Z,1.1832,1.1835,1.1831,1.1834,100.0
2026-01-01T06:58:00Z,1.1834000000000002,1.1837000000000002,1.1833000000000002,1.1836000000000002,100.0
2026-01-01T06:59:00Z,1.1836000000000002,1.1839000000000002,1.1835000000000002,1.1838000000000002,100.0
2026-01-01T07:00:00Z,1.1838000000000002,1.1841000000000002,1.1837000000000002,1.1840000000000002,100.0
2026-01-01T07:01:00Z,1.1840000000000002,1.1843000000000001,1.1839000000000002,1.1842000000000001,100.0
2026-01-01T07:02:00Z,1.1842000000000001,1.1845,1.1841000000000002,1.1844000000000001,100.0
2026-01-01T07:03:00Z,1.1844000000000001,1.1847,1.1843000000000001,1.1846,100.0
2026-01-01T07:04:00Z,1.1846,1.1849,1.1845,1.1848,100.0
2026-01-01T07:05:00Z,1.1848,1.1851,1.1847,1.185,100.0
2026-01-01T07:06:00Z,1.185,1.1853,1.1849,1.1852,100.0
2026-01-01T07:07:00Z,1.1852,1.1855,1.1851,1.1854,100.0
2026-01-01T07:08:00Z,1.1854,1.1857,1.1853,1.1856,100.0
2026-01-01T07:09:00Z,1.1856000000000002,1.1859000000000002,1.1855000000000002,1.1858000000000002,100.0
2026-01-01T07:10:00Z,1.1858000000000002,1.1861000000000002,1.1857000000000002,1.1860000000000002,100.0
2026-01-01T07:11:00Z,1.1860000000000002,1.1863000000000001,1.1859000000000002,1.1862000000000001,100.0
2026-01-01T07:12:00Z,1.1862000000000001,1.1865,1.1861000000000002,1.1864000000000001,100.0
2026-01-01T07:13:00Z,1.1864000000000001,1.1867,1.1863000000000001,1.1866,100.0
2026-01-01T07:14:00Z,1.1866,1.1869,1.1865,1.1868,100.0
2026-01-01T07:15:00Z,1.1868,1.1871,1.1867,1.187,100.0
2026-01-01T07:16:00Z,1.187,1.1873,1.1869,1.1872,100.0
2026-01-01T07:17:00Z,1.1872,1.1875,1.1871,1.1874,100.0
2026-01-01T07:18:00Z,1.1874,1.1877,1.1873,1.1876,100.0
2026-01-01T07:19:00Z,1.1876000000000002,1.1879000000000002,1.1875000000000002,1.1878000000000002,100.0
2026-01-01T07:20:00Z,1.1878000000000002,1.1881000000000002,1.1877000000000002,1.1880000000000002,100.0
2026-01-01T07:21:00Z,1.1880000000000002,1.1883000000000001,1.1879000000000002,1.1882000000000001,100.0
2026-01-01T07:22:00Z,1.1882000000000001,1.1885000000000001,1.1881000000000002,1.1884000000000001,100.0
2026-01-01T07:23:00Z,1.1884000000000001,1.1887,1.1883000000000001,1.1886,100.0
2026-01-01T07:24:00Z,1.1886,1.1889,1.1885000000000001,1.1888,100.0
2026-01-01T07:25:00Z,1.1888,1.1891,1.1887,1.189,100.0
2026-01-01T07:26:00Z,1.189,1.1893,1.1889,1.1892,100.0
2026-01-01T07:27:00Z,1.1892,1.1895,1.1891,1.1894,100.0
2026-01-01T07:28:00Z,1.1894,1.1897,1.1893,1.1896,100.0
2026-01-01T07:29:00Z,1.1896000000000002,1.1899000000000002,1.1895000000000002,1.1898000000000002,100.0
2026-01-01T07:30:00Z,1.1898000000000002,1.1901000000000002,1.1897000000000002,1.1900000000000002,100.0
2026-01-01T07:31:00Z,1.1900000000000002,1.1903000000000001,1.1899000000000002,1.1902000000000001,100.0
2026-01-01T07:32:00Z,1.1902000000000001,1.1905000000000001,1.1901000000000002,1.1904000000000001,100.0
2026-01-01T07:33:00Z,1.1904000000000001,1.1907,1.1903000000000001,1.1906,100.0
2026-01-01T07:34:00Z,1.1906,1.1909,1.1905000000000001,1.1908,100.0
2026-01-01T07:35:00Z,1.1908,1.1911,1.1907,1.191,100.0
2026-01-01T07:36:00Z,1.191,1.1913,1.1909,1.1912,100.0
2026-01-01T07:37:00Z,1.1912,1.1915,1.1911,1.1914,100.0
2026-01-01T07:38:00Z,1.1914,1.1917,1.1913,1.1916,100.0
2026-01-01T07:39:00Z,1.1916000000000002,1.1919000000000002,1.1915000000000002,1.1918000000000002,100.0
2026-01-01T07:40:00Z,1.1918000000000002,1.1921000000000002,1.1917000000000002,1.1920000000000002,100.0
2026-01-01T07:41:00Z,1.1920000000000002,1.1923000000000001,1.1919000000000002,1.1922000000000001,100.0
2026-01-01T07:42:00Z,1.1922000000000001,1.1925000000000001,1.1921000000000002,1.1924000000000001,100.0
2026-01-01T07:43:00Z,1.1924000000000001,1.1927,1.1923000000000001,1.1926,100.0
2026-01-01T07:44:00Z,1.1926,1.1929,1.1925000000000001,1.1928,100.0
2026-01-01T07:45:00Z,1.1928,1.1931,1.1927,1.193,100.0
2026-01-01T07:46:00Z,1.193,1.1933,1.1929,1.1932,100.0
2026-01-01T07:47:00Z,1.1932,1.1935,1.1931,1.1934,100.0
2026-01-01T07:48:00Z,1.1934,1.1937,1.1933,1.1936,100.0
2026-01-01T07:49:00Z,1.1936000000000002,1.1939000000000002,1.1935000000000002,1.1938000000000002,100.0
2026-01-01T07:50:00Z,1.1938000000000002,1.1941000000000002,1.1937000000000002,1.1940000000000002,100.0
2026-01-01T07:51:00Z,1.1940000000000002,1.1943000000000001,1.1939000000000002,1.1942000000000002,100.0
2026-01-01T07:52:00Z,1.1942000000000002,1.1945000000000001,1.1941000000000002,1.1944000000000001,100.0
2026-01-01T07:53:00Z,1.1944000000000001,1.1947,1.1943000000000001,1.1946,100.0
2026-01-01T07:54:00Z,1.1946,1.1949,1.1945000000000001,1.1948,100.0
2026-01-01T07:55:00Z,1.1948,1.1951,1.1947,1.195,100.0
2026-01-01T07:56:00Z,1.195,1.1953,1.1949,1.1952,100.0
2026-01-01T07:57:00Z,1.1952,1.1955,1.1951,1.1954,100.0
2026-01-01T07:58:00Z,1.1954,1.1957,1.1953,1.1956,100.0
2026-01-01T07:59:00Z,1.1956000000000002,1.1959000000000002,1.1955000000000002,1.1958000000000002,100.0
2026-01-01T08:00:00Z,1.1958000000000002,1.1961000000000002,1.1957000000000002,1.1960000000000002,100.0
2026-01-01T08:01:00Z,1.1960000000000002,1.1963000000000001,1.1959000000000002,1.1962000000000002,100.0
2026-01-01T08:02:00Z,1.1962000000000002,1.1965000000000001,1.1961000000000002,1.1964000000000001,100.0
2026-01-01T08:03:00Z,1.1964000000000001,1.1967,1.1963000000000001,1.1966,100.0
2026-01-01T08:04:00Z,1.1966,1.1969,1.1965000000000001,1.1968,100.0
2026-01-01T08:05:00Z,1.1968,1.1971,1.1967,1.197,100.0
2026-01-01T08:06:00Z,1.197,1.1973,1.1969,1.1972,100.0
2026-01-01T08:07:00Z,1.1972,1.1975,1.1971,1.1974,100.0
2026-01-01T08:08:00Z,1.1974,1.1977,1.1973,1.1976,100.0
2026-01-01T08:09:00Z,1.1976,1.1979,1.1975,1.1978,100.0
2026-01-01T08:10:00Z,1.1978000000000002,1.1981000000000002,1.1977000000000002,1.1980000000000002,100.0
2026-01-01T08:11:00Z,1.1980000000000002,1.1983000000000001,1.1979000000000002,1.1982000000000002,100.0
2026-01-01T08:12:00Z,1.1982000000000002,1.1985000000000001,1.1981000000000002,1.1984000000000001,100.0
2026-01-01T08:13:00Z,1.1984000000000001,1.1987,1.1983000000000001,1.1986,100.0
2026-01-01T08:14:00Z,1.1986,1.1989,1.1985000000000001,1.1988,100.0
2026-01-01T08:15:00Z,1.1988,1.1991,1.1987,1.199,100.0
2026-01-01T08:16:00Z,1.199,1.1993,1.1989,1.1992,100.0
2026-01-01T08:17:00Z,1.1992,1.1995,1.1991,1.1994,100.0
2026-01-01T08:18:00Z,1.1994,1.1997,1.1993,1.1996,100.0
2026-01-01T08:19:00Z,1.1996000000000002,1.1999000000000002,1.1995000000000002,1.1998000000000002,100.0
2026-01-01T08:20:00Z,1.1998000000000002,1.2001000000000002,1.1997000000000002,1.2000000000000002,100.0
2026-01-01T08:21:00Z,1.2000000000000002,1.2003000000000001,1.1999000000000002,1.2002000000000002,100.0
2026-01-01T08:22:00Z,1.2002000000000002,1.2005000000000001,1.2001000000000002,1.2004000000000001,100.0
2026-01-01T08:23:00Z,1.2004000000000001,1.2007,1.2003000000000001,1.2006000000000001,100.0
2026-01-01T08:24:00Z,1.2006000000000001,1.2009,1.2005000000000001,1.2008,100.0
2026-01-01T08:25:00Z,1.2008,1.2011,1.2007,1.201,100.0
2026-01-01T08:26:00Z,1.201,1.2013,1.2009,1.2012,100.0
2026-01-01T08:27:00Z,1.2012,1.2015,1.2011,1.2014,100.0
2026-01-01T08:28:00Z,1.2014,1.2017,1.2013,1.2016,100.0
2026-01-01T08:29:00Z,1.2016,1.2019,1.2015,1.2018,100.0
2026-01-01T08:30:00Z,1.2018000000000002,1.2021000000000002,1.2017000000000002,1.2020000000000002,100.0
2026-01-01T08:31:00Z,1.2020000000000002,1.2023000000000001,1.2019000000000002,1.2022000000000002,100.0
2026-01-01T08:32:00Z,1.2022000000000002,1.2025000000000001,1.2021000000000002,1.2024000000000001,100.0
2026-01-01T08:33:00Z,1.2024000000000001,1.2027,1.2023000000000001,1.2026000000000001,100.0
2026-01-01T08:34:00Z,1.2026000000000001,1.2029,1.2025000000000001,1.2028,100.0
2026-01-01T08:35:00Z,1.2028,1.2031,1.2027,1.203,100.0
2026-01-01T08:36:00Z,1.203,1.2033,1.2029,1.2032,100.0
2026-01-01T08:37:00Z,1.2032,1.2035,1.2031,1.2034,100.0
2026-01-01T08:38:00Z,1.2034,1.2037,1.2033,1.2036,100.0
2026-01-01T08:39:00Z,1.2036000000000002,1.2039000000000002,1.2035000000000002,1.2038000000000002,100.0
2026-01-01T08:40:00Z,1.2038000000000002,1.2041000000000002,1.2037000000000002,1.2040000000000002,100.0
2026-01-01T08:41:00Z,1.2040000000000002,1.2043000000000001,1.2039000000000002,1.2042000000000002,100.0
2026-01-01T08:42:00Z,1.2042000000000002,1.2045000000000001,1.2041000000000002,1.2044000000000001,100.0
2026-01-01T08:43:00Z,1.2044000000000001,1.2047,1.2043000000000001,1.2046000000000001,100.0
2026-01-01T08:44:00Z,1.2046000000000001,1.2049,1.2045000000000001,1.2048,100.0
2026-01-01T08:45:00Z,1.2048,1.2051,1.2047,1.205,100.0
2026-01-01T08:46:00Z,1.205,1.2053,1.2049,1.2052,100.0
2026-01-01T08:47:00Z,1.2052,1.2055,1.2051,1.2054,100.0
2026-01-01T08:48:00Z,1.2054,1.2057,1.2053,1.2056,100.0
2026-01-01T08:49:00Z,1.2056,1.2059,1.2055,1.2058,100.0
2026-01-01T08:50:00Z,1.2058000000000002,1.2061000000000002,1.2057000000000002,1.2060000000000002,100.0
2026-01-01T08:51:00Z,1.2060000000000002,1.2063000000000001,1.2059000000000002,1.2062000000000002,100.0
2026-01-01T08:52:00Z,1.2062000000000002,1.2065000000000001,1.2061000000000002,1.2064000000000001,100.0
2026-01-01T08:53:00Z,1.2064000000000001,1.2067,1.2063000000000001,1.2066000000000001,100.0
2026-01-01T08:54:00Z,1.2066000000000001,1.2069,1.2065000000000001,1.2068,100.0
2026-01-01T08:55:00Z,1.2068,1.2071,1.2067,1.207,100.0
2026-01-01T08:56:00Z,1.207,1.2073,1.2069,1.2072,100.0
2026-01-01T08:57:00Z,1.2072,1.2075,1.2071,1.2074,100.0
2026-01-01T08:58:00Z,1.2074,1.2077,1.2073,1.2076,100.0
2026-01-01T08:59:00Z,1.2076000000000002,1.2079000000000002,1.2075000000000002,1.2078000000000002,100.0
2026-01-01T09:00:00Z,1.2078000000000002,1.2081000000000002,1.2077000000000002,1.2080000000000002,100.0
2026-01-01T09:01:00Z,1.2080000000000002,1.2083000000000002,1.2079000000000002,1.2082000000000002,100.0
2026-01-01T09:02:00Z,1.2082000000000002,1.2085000000000001,1.2081000000000002,1.2084000000000001,100.0
2026-01-01T09:03:00Z,1.2084000000000001,1.2087,1.2083000000000002,1.2086000000000001,100.0
2026-01-01T09:04:00Z,1.2086000000000001,1.2089,1.2085000000000001,1.2088,100.0
2026-01-01T09:05:00Z,1.2088,1.2091,1.2087,1.209,100.0
2026-01-01T09:06:00Z,1.209,1.2093,1.2089,1.2092,100.0
2026-01-01T09:07:00Z,1.2092,1.2095,1.2091,1.2094,100.0
2026-01-01T09:08:00Z,1.2094,1.2097,1.2093,1.2096,100.0
2026-01-01T09:09:00Z,1.2096,1.2099,1.2095,1.2098,100.0
2026-01-01T09:10:00Z,1.2098000000000002,1.2101000000000002,1.2097000000000002,1.2100000000000002,100.0
2026-01-01T09:11:00Z,1.2100000000000002,1.2103000000000002,1.2099000000000002,1.2102000000000002,100.0
2026-01-01T09:12:00Z,1.2102000000000002,1.2105000000000001,1.2101000000000002,1.2104000000000001,100.0
2026-01-01T09:13:00Z,1.2104000000000001,1.2107,1.2103000000000002,1.2106000000000001,100.0
2026-01-01T09:14:00Z,1.2106000000000001,1.2109,1.2105000000000001,1.2108,100.0
2026-01-01T09:15:00Z,1.2108,1.2111,1.2107,1.211,100.0
2026-01-01T09:16:00Z,1.211,1.2113,1.2109,1.2112,100.0
2026-01-01T09:17:00Z,1.2112,1.2115,1.2111,1.2114,100.0
2026-01-01T09:18:00Z,1.2114,1.2117,1.2113,1.2116,100.0
2026-01-01T09:19:00Z,1.2116000000000002,1.2119000000000002,1.2115000000000002,1.2118000000000002,100.0
2026-01-01T09:20:00Z,1.2118000000000002,1.2121000000000002,1.2117000000000002,1.2120000000000002,100.0
2026-01-01T09:21:00Z,1.2120000000000002,1.2123000000000002,1.2119000000000002,1.2122000000000002,100.0
2026-01-01T09:22:00Z,1.2122000000000002,1.2125000000000001,1.2121000000000002,1.2124000000000001,100.0
2026-01-01T09:23:00Z,1.2124000000000001,1.2127000000000001,1.2123000000000002,1.2126000000000001,100.0
2026-01-01T09:24:00Z,1.2126000000000001,1.2129,1.2125000000000001,1.2128,100.0
2026-01-01T09:25:00Z,1.2128,1.2131,1.2127000000000001,1.213,100.0
2026-01-01T09:26:00Z,1.213,1.2133,1.2129,1.2132,100.0
2026-01-01T09:27:00Z,1.2132,1.2135,1.2131,1.2134,100.0
2026-01-01T09:28:00Z,1.2134,1.2137,1.2133,1.2136,100.0
2026-01-01T09:29:00Z,1.2136,1.2139,1.2135,1.2138,100.0
2026-01-01T09:30:00Z,1.2138000000000002,1.2141000000000002,1.2137000000000002,1.2140000000000002,100.0
2026-01-01T09:31:00Z,1.2140000000000002,1.2143000000000002,1.2139000000000002,1.2142000000000002,100.0
2026-01-01T09:32:00Z,1.2142000000000002,1.2145000000000001,1.2141000000000002,1.2144000000000001,100.0
2026-01-01T09:33:00Z,1.2144000000000001,1.2147000000000001,1.2143000000000002,1.2146000000000001,100.0
2026-01-01T09:34:00Z,1.2146000000000001,1.2149,1.2145000000000001,1.2148,100.0
2026-01-01T09:35:00Z,1.2148,1.2151,1.2147000000000001,1.215,100.0
2026-01-01T09:36:00Z,1.215,1.2153,1.2149,1.2152,100.0
2026-01-01T09:37:00Z,1.2152,1.2155,1.2151,1.2154,100.0
2026-01-01T09:38:00Z,1.2154,1.2157,1.2153,1.2156,100.0
2026-01-01T09:39:00Z,1.2156,1.2159,1.2155,1.2158,100.0
2026-01-01T09:40:00Z,1.2158000000000002,1.2161000000000002,1.2157000000000002,1.2160000000000002,100.0
2026-01-01T09:41:00Z,1.2160000000000002,1.2163000000000002,1.2159000000000002,1.2162000000000002,100.0
2026-01-01T09:42:00Z,1.2162000000000002,1.2165000000000001,1.2161000000000002,1.2164000000000001,100.0
2026-01-01T09:43:00Z,1.2164000000000001,1.2167000000000001,1.2163000000000002,1.2166000000000001,100.0
2026-01-01T09:44:00Z,1.2166000000000001,1.2169,1.2165000000000001,1.2168,100.0
2026-01-01T09:45:00Z,1.2168,1.2171,1.2167000000000001,1.217,100.0
2026-01-01T09:46:00Z,1.217,1.2173,1.2169,1.2172,100.0
2026-01-01T09:47:00Z,1.2172,1.2175,1.2171,1.2174,100.0
2026-01-01T09:48:00Z,1.2174,1.2177,1.2173,1.2176,100.0
2026-01-01T09:49:00Z,1.2176,1.2179,1.2175,1.2178,100.0
2026-01-01T09:50:00Z,1.2178000000000002,1.2181000000000002,1.2177000000000002,1.2180000000000002,100.0
2026-01-01T09:51:00Z,1.2180000000000002,1.2183000000000002,1.2179000000000002,1.2182000000000002,100.0
2026-01-01T09:52:00Z,1.2182000000000002,1.2185000000000001,1.2181000000000002,1.2184000000000001,100.0
2026-01-01T09:53:00Z,1.2184000000000001,1.2187000000000001,1.2183000000000002,1.2186000000000001,100.0
2026-01-01T09:54:00Z,1.2186000000000001,1.2189,1.2185000000000001,1.2188,100.0
2026-01-01T09:55:00Z,1.2188,1.2191,1.2187000000000001,1.219,100.0
2026-01-01T09:56:00Z,1.219,1.2193,1.2189,1.2192,100.0
2026-01-01T09:57:00Z,1.2192,1.2195,1.2191,1.2194,100.0
2026-01-01T09:58:00Z,1.2194,1.2197,1.2193,1.2196,100.0
2026-01-01T09:59:00Z,1.2196,1.2199,1.2195,1.2198,100.0
2026-01-01T10:00:00Z,1.2198000000000002,1.2201000000000002,1.2197000000000002,1.2200000000000002,100.0
2026-01-01T10:01:00Z,1.2200000000000002,1.2203000000000002,1.2199000000000002,1.2202000000000002,100.0
2026-01-01T10:02:00Z,1.2202000000000002,1.2205000000000001,1.2201000000000002,1.2204000000000002,100.0
2026-01-01T10:03:00Z,1.2204000000000002,1.2207000000000001,1.2203000000000002,1.2206000000000001,100.0
2026-01-01T10:04:00Z,1.2206000000000001,1.2209,1.2205000000000001,1.2208,100.0
2026-01-01T10:05:00Z,1.2208,1.2211,1.2207000000000001,1.221,100.0
2026-01-01T10:06:00Z,1.221,1.2213,1.2209,1.2212,100.0
2026-01-01T10:07:00Z,1.2212,1.2215,1.2211,1.2214,100.0
2026-01-01T10:08:00Z,1.2214,1.2217,1.2213,1.2216,100.0
2026-01-01T10:09:00Z,1.2216,1.2219,1.2215,1.2218,100.0
2026-01-01T10:10:00Z,1.2218000000000002,1.2221000000000002,1.2217000000000002,1.2220000000000002,100.0
2026-01-01T10:11:00Z,1.2220000000000002,1.2223000000000002,1.2219000000000002,1.2222000000000002,100.0
2026-01-01T10:12:00Z,1.2222000000000002,1.2225000000000001,1.2221000000000002,1.2224000000000002,100.0
2026-01-01T10:13:00Z,1.2224000000000002,1.2227000000000001,1.2223000000000002,1.2226000000000001,100.0
2026-01-01T10:14:00Z,1.2226000000000001,1.2229,1.2225000000000001,1.2228,100.0
2026-01-01T10:15:00Z,1.2228,1.2231,1.2227000000000001,1.223,100.0
2026-01-01T10:16:00Z,1.223,1.2233,1.2229,1.2232,100.0
2026-01-01T10:17:00Z,1.2232,1.2235,1.2231,1.2234,100.0
2026-01-01T10:18:00Z,1.2234,1.2237,1.2233,1.2236,100.0
2026-01-01T10:19:00Z,1.2236,1.2239,1.2235,1.2238,100.0
2026-01-01T10:20:00Z,1.2238000000000002,1.2241000000000002,1.2237000000000002,1.2240000000000002,100.0
2026-01-01T10:21:00Z,1.2240000000000002,1.2243000000000002,1.2239000000000002,1.2242000000000002,100.0
2026-01-01T10:22:00Z,1.2242000000000002,1.2245000000000001,1.2241000000000002,1.2244000000000002,100.0
2026-01-01T10:23:00Z,1.2244000000000002,1.2247000000000001,1.2243000000000002,1.2246000000000001,100.0
2026-01-01T10:24:00Z,1.2246000000000001,1.2249,1.2245000000000001,1.2248,100.0
2026-01-01T10:25:00Z,1.2248,1.2251,1.2247000000000001,1.225,100.0
2026-01-01T10:26:00Z,1.225,1.2253,1.2249,1.2252,100.0
2026-01-01T10:27:00Z,1.2252,1.2255,1.2251,1.2254,100.0
2026-01-01T10:28:00Z,1.2254,1.2257,1.2253,1.2256,100.0
2026-01-01T10:29:00Z,1.2256,1.2259,1.2255,1.2258,100.0
2026-01-01T10:30:00Z,1.2258,1.2261,1.2257,1.226,100.0
2026-01-01T10:31:00Z,1.2260000000000002,1.2263000000000002,1.2259000000000002,1.2262000000000002,100.0
2026-01-01T10:32:00Z,1.2262000000000002,1.2265000000000001,1.2261000000000002,1.2264000000000002,100.0
2026-01-01T10:33:00Z,1.2264000000000002,1.2267000000000001,1.2263000000000002,1.2266000000000001,100.0
2026-01-01T10:34:00Z,1.2266000000000001,1.2269,1.2265000000000001,1.2268000000000001,100.0
2026-01-01T10:35:00Z,1.2268000000000001,1.2271,1.2267000000000001,1.227,100.0
2026-01-01T10:36:00Z,1.227,1.2273,1.2269,1.2272,100.0
2026-01-01T10:37:00Z,1.2272,1.2275,1.2271,1.2274,100.0
2026-01-01T10:38:00Z,1.2274,1.2277,1.2273,1.2276,100.0
2026-01-01T10:39:00Z,1.2276,1.2279,1.2275,1.2278,100.0
2026-01-01T10:40:00Z,1.2278000000000002,1.2281000000000002,1.2277000000000002,1.2280000000000002,100.0
2026-01-01T10:41:00Z,1.2280000000000002,1.2283000000000002,1.2279000000000002,1.2282000000000002,100.0
2026-01-01T10:42:00Z,1.2282000000000002,1.2285000000000001,1.2281000000000002,1.2284000000000002,100.0
2026-01-01T10:43:00Z,1.2284000000000002,1.2287000000000001,1.2283000000000002,1.2286000000000001,100.0
2026-01-01T10:44:00Z,1.2286000000000001,1.2289,1.2285000000000001,1.2288000000000001,100.0
2026-01-01T10:45:00Z,1.2288000000000001,1.2291,1.2287000000000001,1.229,100.0
2026-01-01T10:46:00Z,1.229,1.2293,1.2289,1.2292,100.0
2026-01-01T10:47:00Z,1.2292,1.2295,1.2291,1.2294,100.0
2026-01-01T10:48:00Z,1.2294,1.2297,1.2293,1.2296,100.0
2026-01-01T10:49:00Z,1.2296,1.2299,1.2295,1.2298,100.0
2026-01-01T10:50:00Z,1.2298,1.2301,1.2297,1.23,100.0
2026-01-01T10:51:00Z,1.2300000000000002,1.2303000000000002,1.2299000000000002,1.2302000000000002,100.0
2026-01-01T10:52:00Z,1.2302000000000002,1.2305000000000001,1.2301000000000002,1.2304000000000002,100.0
2026-01-01T10:53:00Z,1.2304000000000002,1.2307000000000001,1.2303000000000002,1.2306000000000001,100.0
2026-01-01T10:54:00Z,1.2306000000000001,1.2309,1.2305000000000001,1.2308000000000001,100.0
2026-01-01T10:55:00Z,1.2308000000000001,1.2311,1.2307000000000001,1.231,100.0
2026-01-01T10:56:00Z,1.231,1.2313,1.2309,1.2312,100.0
2026-01-01T10:57:00Z,1.2312,1.2315,1.2311,1.2314,100.0
2026-01-01T10:58:00Z,1.2314,1.2317,1.2313,1.2316,100.0
2026-01-01T10:59:00Z,1.2316,1.2319,1.2315,1.2318,100.0
2026-01-01T11:00:00Z,1.2318000000000002,1.2321000000000002,1.2317000000000002,1.2320000000000002,100.0
2026-01-01T11:01:00Z,1.2320000000000002,1.2323000000000002,1.2319000000000002,1.2322000000000002,100.0
2026-01-01T11:02:00Z,1.2322000000000002,1.2325000000000002,1.2321000000000002,1.2324000000000002,100.0
2026-01-01T11:03:00Z,1.2324000000000002,1.2327000000000001,1.2323000000000002,1.2326000000000001,100.0
2026-01-01T11:04:00Z,1.2326000000000001,1.2329,1.2325000000000002,1.2328000000000001,100.0
2026-01-01T11:05:00Z,1.2328000000000001,1.2331,1.2327000000000001,1.233,100.0
2026-01-01T11:06:00Z,1.233,1.2333,1.2329,1.2332,100.0
2026-01-01T11:07:00Z,1.2332,1.2335,1.2331,1.2334,100.0
2026-01-01T11:08:00Z,1.2334,1.2337,1.2333,1.2336,100.0
2026-01-01T11:09:00Z,1.2336,1.2339,1.2335,1.2338,100.0
2026-01-01T11:10:00Z,1.2338,1.2341,1.2337,1.234,100.0
2026-01-01T11:11:00Z,1.2340000000000002,1.2343000000000002,1.2339000000000002,1.2342000000000002,100.0
2026-01-01T11:12:00Z,1.2342000000000002,1.2345000000000002,1.2341000000000002,1.2344000000000002,100.0
2026-01-01T11:13:00Z,1.2344000000000002,1.2347000000000001,1.2343000000000002,1.2346000000000001,100.0
2026-01-01T11:14:00Z,1.2346000000000001,1.2349,1.2345000000000002,1.2348000000000001,100.0
2026-01-01T11:15:00Z,1.2348000000000001,1.2351,1.2347000000000001,1.235,100.0
2026-01-01T11:16:00Z,1.235,1.2353,1.2349,1.2352,100.0
2026-01-01T11:17:00Z,1.2352,1.2355,1.2351,1.2354,100.0
2026-01-01T11:18:00Z,1.2354,1.2357,1.2353,1.2356,100.0
2026-01-01T11:19:00Z,1.2356,1.2359,1.2355,1.2358,100.0
2026-01-01T11:20:00Z,1.2358000000000002,1.2361000000000002,1.2357000000000002,1.2360000000000002,100.0
2026-01-01T11:21:00Z,1.2360000000000002,1.2363000000000002,1.2359000000000002,1.2362000000000002,100.0
2026-01-01T11:22:00Z,1.2362000000000002,1.2365000000000002,1.2361000000000002,1.2364000000000002,100.0
2026-01-01T11:23:00Z,1.2364000000000002,1.2367000000000001,1.2363000000000002,1.2366000000000001,100.0
2026-01-01T11:24:00Z,1.2366000000000001,1.2369,1.2365000000000002,1.2368000000000001,100.0
2026-01-01T11:25:00Z,1.2368000000000001,1.2371,1.2367000000000001,1.237,100.0
2026-01-01T11:26:00Z,1.237,1.2373,1.2369,1.2372,100.0
2026-01-01T11:27:00Z,1.2372,1.2375,1.2371,1.2374,100.0
2026-01-01T11:28:00Z,1.2374,1.2377,1.2373,1.2376,100.0
2026-01-01T11:29:00Z,1.2376,1.2379,1.2375,1.2378,100.0
2026-01-01T11:30:00Z,1.2378,1.2381,1.2377,1.238,100.0
2026-01-01T11:31:00Z,1.2380000000000002,1.2383000000000002,1.2379000000000002,1.2382000000000002,100.0
2026-01-01T11:32:00Z,1.2382000000000002,1.2385000000000002,1.2381000000000002,1.2384000000000002,100.0
2026-01-01T11:33:00Z,1.2384000000000002,1.2387000000000001,1.2383000000000002,1.2386000000000001,100.0
2026-01-01T11:34:00Z,1.2386000000000001,1.2389000000000001,1.2385000000000002,1.2388000000000001,100.0
2026-01-01T11:35:00Z,1.2388000000000001,1.2391,1.2387000000000001,1.239,100.0
2026-01-01T11:36:00Z,1.239,1.2393,1.2389000000000001,1.2392,100.0
2026-01-01T11:37:00Z,1.2392,1.2395,1.2391,1.2394,100.0
2026-01-01T11:38:00Z,1.2394,1.2397,1.2393,1.2396,100.0
2026-01-01T11:39:00Z,1.2396,1.2399,1.2395,1.2398,100.0
2026-01-01T11:40:00Z,1.2398000000000002,1.2401000000000002,1.2397000000000002,1.2400000000000002,100.0
2026-01-01T11:41:00Z,1.2400000000000002,1.2403000000000002,1.2399000000000002,1.2402000000000002,100.0
2026-01-01T11:42:00Z,1.2402000000000002,1.2405000000000002,1.2401000000000002,1.2404000000000002,100.0
2026-01-01T11:43:00Z,1.2404000000000002,1.2407000000000001,1.2403000000000002,1.2406000000000001,100.0
2026-01-01T11:44:00Z,1.2406000000000001,1.2409000000000001,1.2405000000000002,1.2408000000000001,100.0
2026-01-01T11:45:00Z,1.2408000000000001,1.2411,1.2407000000000001,1.241,100.0
2026-01-01T11:46:00Z,1.241,1.2413,1.2409000000000001,1.2412,100.0
2026-01-01T11:47:00Z,1.2412,1.2415,1.2411,1.2414,100.0
2026-01-01T11:48:00Z,1.2414,1.2417,1.2413,1.2416,100.0
2026-01-01T11:49:00Z,1.2416,1.2419,1.2415,1.2418,100.0
2026-01-01T11:50:00Z,1.2418,1.2421,1.2417,1.242,100.0
2026-01-01T11:51:00Z,1.242,1.2423,1.2419,1.2422,100.0
2026-01-01T11:52:00Z,1.2422000000000002,1.2425000000000002,1.2421000000000002,1.2424000000000002,100.0
2026-01-01T11:53:00Z,1.2424000000000002,1.2427000000000001,1.2423000000000002,1.2426000000000001,100.0
2026-01-01T11:54:00Z,1.2426000000000001,1.2429000000000001,1.2425000000000002,1.2428000000000001,100.0
2026-01-01T11:55:00Z,1.2428000000000001,1.2431,1.2427000000000001,1.243,100.0
2026-01-01T11:56:00Z,1.243,1.2433,1.2429000000000001,1.2432,100.0
2026-01-01T11:57:00Z,1.2432,1.2435,1.2431,1.2434,100.0
2026-01-01T11:58:00Z,1.2434,1.2437,1.2433,1.2436,100.0
2026-01-01T11:59:00Z,1.2436,1.2439,1.2435,1.2438,100.0
2026-01-01T12:00:00Z,1.2438000000000002,1.2441000000000002,1.2437000000000002,1.2440000000000002,100.0
2026-01-01T12:01:00Z,1.2440000000000002,1.2443000000000002,1.2439000000000002,1.2442000000000002,100.0
2026-01-01T12:02:00Z,1.2442000000000002,1.2445000000000002,1.2441000000000002,1.2444000000000002,100.0
2026-01-01T12:03:00Z,1.2444000000000002,1.2447000000000001,1.2443000000000002,1.2446000000000002,100.0
2026-01-01T12:04:00Z,1.2446000000000002,1.2449000000000001,1.2445000000000002,1.2448000000000001,100.0
2026-01-01T12:05:00Z,1.2448000000000001,1.2451,1.2447000000000001,1.245,100.0
2026-01-01T12:06:00Z,1.245,1.2453,1.2449000000000001,1.2452,100.0
2026-01-01T12:07:00Z,1.2452,1.2455,1.2451,1.2454,100.0
2026-01-01T12:08:00Z,1.2454,1.2457,1.2453,1.2456,100.0
2026-01-01T12:09:00Z,1.2456,1.2459,1.2455,1.2458,100.0
2026-01-01T12:10:00Z,1.2458,1.2461,1.2457,1.246,100.0
2026-01-01T12:11:00Z,1.246,1.2463,1.2459,1.2462,100.0
2026-01-01T12:12:00Z,1.2462000000000002,1.2465000000000002,1.2461000000000002,1.2464000000000002,100.0
2026-01-01T12:13:00Z,1.2464000000000002,1.2467000000000001,1.2463000000000002,1.2466000000000002,100.0
2026-01-01T12:14:00Z,1.2466000000000002,1.2469000000000001,1.2465000000000002,1.2468000000000001,100.0
2026-01-01T12:15:00Z,1.2468000000000001,1.2471,1.2467000000000001,1.247,100.0
2026-01-01T12:16:00Z,1.247,1.2473,1.2469000000000001,1.2472,100.0
2026-01-01T12:17:00Z,1.2472,1.2475,1.2471,1.2474,100.0
2026-01-01T12:18:00Z,1.2474,1.2477,1.2473,1.2476,100.0
2026-01-01T12:19:00Z,1.2476,1.2479,1.2475,1.2478,100.0
2026-01-01T12:20:00Z,1.2478000000000002,1.2481000000000002,1.2477000000000003,1.2480000000000002,100.0
2026-01-01T12:21:00Z,1.2480000000000002,1.2483000000000002,1.2479000000000002,1.2482000000000002,100.0
2026-01-01T12:22:00Z,1.2482000000000002,1.2485000000000002,1.2481000000000002,1.2484000000000002,100.0
2026-01-01T12:23:00Z,1.2484000000000002,1.2487000000000001,1.2483000000000002,1.2486000000000002,100.0
2026-01-01T12:24:00Z,1.2486000000000002,1.2489000000000001,1.2485000000000002,1.2488000000000001,100.0
2026-01-01T12:25:00Z,1.2488000000000001,1.2491,1.2487000000000001,1.249,100.0
2026-01-01T12:26:00Z,1.249,1.2493,1.2489000000000001,1.2492,100.0
2026-01-01T12:27:00Z,1.2492,1.2495,1.2491,1.2494,100.0
2026-01-01T12:28:00Z,1.2494,1.2497,1.2493,1.2496,100.0
2026-01-01T12:29:00Z,1.2496,1.2499,1.2495,1.2498,100.0
2026-01-01T12:30:00Z,1.2498,1.2501,1.2497,1.25,100.0
2026-01-01T12:31:00Z,1.25,1.2503,1.2499,1.2502,100.0
2026-01-01T12:32:00Z,1.2502000000000002,1.2505000000000002,1.2501000000000002,1.2504000000000002,100.0
2026-01-01T12:33:00Z,1.2504000000000002,1.2507000000000001,1.2503000000000002,1.2506000000000002,100.0
2026-01-01T12:34:00Z,1.2506000000000002,1.2509000000000001,1.2505000000000002,1.2508000000000001,100.0
2026-01-01T12:35:00Z,1.2508000000000001,1.2511,1.2507000000000001,1.2510000000000001,100.0
2026-01-01T12:36:00Z,1.2510000000000001,1.2513,1.2509000000000001,1.2512,100.0
2026-01-01T12:37:00Z,1.2512,1.2515,1.2511,1.2514,100.0
2026-01-01T12:38:00Z,1.2514,1.2517,1.2513,1.2516,100.0
2026-01-01T12:39:00Z,1.2516,1.2519,1.2515,1.2518,100.0
2026-01-01T12:40:00Z,1.2518,1.2521,1.2517,1.252,100.0
2026-01-01T12:41:00Z,1.2520000000000002,1.2523000000000002,1.2519000000000002,1.2522000000000002,100.0
2026-01-01T12:42:00Z,1.2522000000000002,1.2525000000000002,1.2521000000000002,1.2524000000000002,100.0
2026-01-01T12:43:00Z,1.2524000000000002,1.2527000000000001,1.2523000000000002,1.2526000000000002,100.0
2026-01-01T12:44:00Z,1.2526000000000002,1.2529000000000001,1.2525000000000002,1.2528000000000001,100.0
2026-01-01T12:45:00Z,1.2528000000000001,1.2531,1.2527000000000001,1.2530000000000001,100.0
2026-01-01T12:46:00Z,1.2530000000000001,1.2533,1.2529000000000001,1.2532,100.0
2026-01-01T12:47:00Z,1.2532,1.2535,1.2531,1.2534,100.0
2026-01-01T12:48:00Z,1.2534,1.2537,1.2533,1.2536,100.0
2026-01-01T12:49:00Z,1.2536,1.2539,1.2535,1.2538,100.0
2026-01-01T12:50:00Z,1.2538,1.2541,1.2537,1.254,100.0
2026-01-01T12:51:00Z,1.254,1.2543,1.2539,1.2542,100.0
2026-01-01T12:52:00Z,1.2542000000000002,1.2545000000000002,1.2541000000000002,1.2544000000000002,100.0
2026-01-01T12:53:00Z,1.2544000000000002,1.2547000000000001,1.2543000000000002,1.2546000000000002,100.0
2026-01-01T12:54:00Z,1.2546000000000002,1.2549000000000001,1.2545000000000002,1.2548000000000001,100.0
2026-01-01T12:55:00Z,1.2548000000000001,1.2551,1.2547000000000001,1.2550000000000001,100.0
2026-01-01T12:56:00Z,1.2550000000000001,1.2553,1.2549000000000001,1.2552,100.0
2026-01-01T12:57:00Z,1.2552,1.2555,1.2551,1.2554,100.0
2026-01-01T12:58:00Z,1.2554,1.2557,1.2553,1.2556,100.0
2026-01-01T12:59:00Z,1.2556,1.2559,1.2555,1.2558,100.0
2026-01-01T13:00:00Z,1.2558,1.2561,1.2557,1.256,100.0
2026-01-01T13:01:00Z,1.2560000000000002,1.2563000000000002,1.2559000000000002,1.2562000000000002,100.0
2026-01-01T13:02:00Z,1.2562000000000002,1.2565000000000002,1.2561000000000002,1.2564000000000002,100.0
2026-01-01T13:03:00Z,1.2564000000000002,1.2567000000000002,1.2563000000000002,1.2566000000000002,100.0
2026-01-01T13:04:00Z,1.2566000000000002,1.2569000000000001,1.2565000000000002,1.2568000000000001,100.0
2026-01-01T13:05:00Z,1.2568000000000001,1.2571,1.2567000000000002,1.2570000000000001,100.0
2026-01-01T13:06:00Z,1.2570000000000001,1.2573,1.2569000000000001,1.2572,100.0
2026-01-01T13:07:00Z,1.2572,1.2575,1.2571,1.2574,100.0
2026-01-01T13:08:00Z,1.2574,1.2577,1.2573,1.2576,100.0
2026-01-01T13:09:00Z,1.2576,1.2579,1.2575,1.2578,100.0
2026-01-01T13:10:00Z,1.2578,1.2581,1.2577,1.258,100.0
2026-01-01T13:11:00Z,1.258,1.2583,1.2579,1.2582,100.0
2026-01-01T13:12:00Z,1.2582000000000002,1.2585000000000002,1.2581000000000002,1.2584000000000002,100.0
2026-01-01T13:13:00Z,1.2584000000000002,1.2587000000000002,1.2583000000000002,1.2586000000000002,100.0
2026-01-01T13:14:00Z,1.2586000000000002,1.2589000000000001,1.2585000000000002,1.2588000000000001,100.0
2026-01-01T13:15:00Z,1.2588000000000001,1.2591,1.2587000000000002,1.2590000000000001,100.0
2026-01-01T13:16:00Z,1.2590000000000001,1.2593,1.2589000000000001,1.2592,100.0
2026-01-01T13:17:00Z,1.2592,1.2595,1.2591,1.2594,100.0
2026-01-01T13:18:00Z,1.2594,1.2597,1.2593,1.2596,100.0
2026-01-01T13:19:00Z,1.2596,1.2599,1.2595,1.2598,100.0
2026-01-01T13:20:00Z,1.2578200000000002,1.2580400000000003,1.2578600000000002,1.2580200000000001,100.0
2026-01-01T13:21:00Z,1.2578200000000002,1.2581200000000001,1.2577200000000002,1.2580200000000001,100.0
2026-01-01T13:22:00Z,1.2580200000000001,1.25832,1.2579200000000001,1.2582200000000001,100.0
2026-01-01T13:23:00Z,1.2582200000000001,1.25852,1.2581200000000001,1.25842,100.0
2026-01-01T13:24:00Z,1.25842,1.25872,1.25832,1.25862,100.0
2026-01-01T13:25:00Z,1.25862,1.25892,1.25852,1.25882,100.0
2026-01-01T13:26:00Z,1.25882,1.25912,1.25872,1.25902,100.0
2026-01-01T13:27:00Z,1.2590200000000003,1.2593200000000002,1.2589200000000003,1.2592200000000002,100.0
2026-01-01T13:28:00Z,1.2592200000000002,1.2595200000000002,1.2591200000000002,1.2594200000000002,100.0
2026-01-01T13:29:00Z,1.2594200000000002,1.2597200000000002,1.2593200000000002,1.2596200000000002,100.0
2026-01-01T13:30:00Z,1.2596200000000002,1.2599200000000002,1.2595200000000002,1.2598200000000002,100.0
2026-01-01T13:31:00Z,1.2598200000000002,1.2601200000000001,1.2597200000000002,1.2600200000000001,100.0
2026-01-01T13:32:00Z,1.2600200000000001,1.26032,1.2599200000000002,1.2602200000000001,100.0
2026-01-01T13:33:00Z,1.2602200000000001,1.26052,1.2601200000000001,1.26042,100.0
2026-01-01T13:34:00Z,1.26042,1.26072,1.26032,1.26062,100.0
2026-01-01T13:35:00Z,1.26062,1.26092,1.26052,1.26082,100.0
2026-01-01T13:36:00Z,1.26082,1.26112,1.26072,1.26102,100.0
2026-01-01T13:37:00Z,1.2610200000000003,1.2613200000000002,1.2609200000000003,1.2612200000000002,100.0
2026-01-01T13:38:00Z,1.2612200000000002,1.2615200000000002,1.2611200000000002,1.2614200000000002,100.0
2026-01-01T13:39:00Z,1.2614200000000002,1.2617200000000002,1.2613200000000002,1.2616200000000002,100.0
2026-01-01T13:40:00Z,1.2616200000000002,1.2619200000000002,1.2615200000000002,1.2618200000000002,100.0
2026-01-01T13:41:00Z,1.2618200000000002,1.2621200000000001,1.2617200000000002,1.2620200000000001,100.0
2026-01-01T13:42:00Z,1.2620200000000001,1.26232,1.2619200000000002,1.2622200000000001,100.0
2026-01-01T13:43:00Z,1.2622200000000001,1.26252,1.2621200000000001,1.26242,100.0
2026-01-01T13:44:00Z,1.26242,1.26272,1.26232,1.26262,100.0
2026-01-01T13:45:00Z,1.26262,1.26292,1.26252,1.26282,100.0
2026-01-01T13:46:00Z,1.26282,1.26312,1.26272,1.26302,100.0
2026-01-01T13:47:00Z,1.2630200000000003,1.2633200000000002,1.2629200000000003,1.2632200000000002,100.0
2026-01-01T13:48:00Z,1.2632200000000002,1.2635200000000002,1.2631200000000002,1.2634200000000002,100.0
2026-01-01T13:49:00Z,1.2634200000000002,1.2637200000000002,1.2633200000000002,1.2636200000000002,100.0
2026-01-01T13:50:00Z,1.2636200000000002,1.2639200000000002,1.2635200000000002,1.2638200000000002,100.0
2026-01-01T13:51:00Z,1.2638200000000002,1.2641200000000001,1.2637200000000002,1.2640200000000001,100.0
2026-01-01T13:52:00Z,1.2640200000000001,1.26432,1.2639200000000002,1.2642200000000001,100.0
2026-01-01T13:53:00Z,1.2642200000000001,1.26452,1.2641200000000001,1.26442,100.0
2026-01-01T13:54:00Z,1.26442,1.26472,1.26432,1.26462,100.0
2026-01-01T13:55:00Z,1.26462,1.26492,1.26452,1.26482,100.0
2026-01-01T13:56:00Z,1.26482,1.26512,1.26472,1.26502,100.0
2026-01-01T13:57:00Z,1.2650200000000003,1.2653200000000002,1.2649200000000003,1.2652200000000002,100.0
2026-01-01T13:58:00Z,1.2652200000000002,1.2655200000000002,1.2651200000000002,1.2654200000000002,100.0
2026-01-01T13:59:00Z,1.2654200000000002,1.2657200000000002,1.2653200000000002,1.2656200000000002,100.0
2026-01-01T14:00:00Z,1.2656200000000002,1.2659200000000002,1.2655200000000002,1.2658200000000002,100.0
2026-01-01T14:01:00Z,1.2658200000000002,1.2661200000000001,1.2657200000000002,1.2660200000000001,100.0
2026-01-01T14:02:00Z,1.2660200000000001,1.2663200000000001,1.2659200000000002,1.2662200000000001,100.0
2026-01-01T14:03:00Z,1.2662200000000001,1.26652,1.2661200000000001,1.26642,100.0
2026-01-01T14:04:00Z,1.26642,1.26672,1.2663200000000001,1.26662,100.0
2026-01-01T14:05:00Z,1.26662,1.26692,1.26652,1.26682,100.0
2026-01-01T14:06:00Z,1.26682,1.26712,1.26672,1.26702,100.0
2026-01-01T14:07:00Z,1.2670200000000003,1.2673200000000002,1.2669200000000003,1.2672200000000002,100.0
2026-01-01T14:08:00Z,1.2672200000000002,1.2675200000000002,1.2671200000000002,1.2674200000000002,100.0
2026-01-01T14:09:00Z,1.2674200000000002,1.2677200000000002,1.2673200000000002,1.2676200000000002,100.0
2026-01-01T14:10:00Z,1.2676200000000002,1.2679200000000002,1.2675200000000002,1.2678200000000002,100.0
2026-01-01T14:11:00Z,1.2678200000000002,1.2681200000000001,1.2677200000000002,1.2680200000000001,100.0
2026-01-01T14:12:00Z,1.2680200000000001,1.2683200000000001,1.2679200000000002,1.2682200000000001,100.0
2026-01-01T14:13:00Z,1.2682200000000001,1.26852,1.2681200000000001,1.26842,100.0
2026-01-01T14:14:00Z,1.26842,1.26872,1.2683200000000001,1.26862,100.0
2026-01-01T14:15:00Z,1.26862,1.26892,1.26852,1.26882,100.0
2026-01-01T14:16:00Z,1.26882,1.26912,1.26872,1.26902,100.0
2026-01-01T14:17:00Z,1.2690200000000003,1.2693200000000002,1.2689200000000003,1.2692200000000002,100.0
2026-01-01T14:18:00Z,1.2692200000000002,1.2695200000000002,1.2691200000000002,1.2694200000000002,100.0
2026-01-01T14:19:00Z,1.2694200000000002,1.2697200000000002,1.2693200000000002,1.2696200000000002,100.0
2026-01-01T14:20:00Z,1.2696200000000002,1.2699200000000002,1.2695200000000002,1.2698200000000002,100.0
2026-01-01T14:21:00Z,1.2698200000000002,1.2701200000000001,1.2697200000000002,1.2700200000000001,100.0
2026-01-01T14:22:00Z,1.2700200000000001,1.2703200000000001,1.2699200000000002,1.2702200000000001,100.0
2026-01-01T14:23:00Z,1.2702200000000001,1.27052,1.2701200000000001,1.27042,100.0
2026-01-01T14:24:00Z,1.27042,1.27072,1.2703200000000001,1.27062,100.0
2026-01-01T14:25:00Z,1.27062,1.27092,1.27052,1.27082,100.0
2026-01-01T14:26:00Z,1.27082,1.27112,1.27072,1.27102,100.0
2026-01-01T14:27:00Z,1.2710200000000003,1.2713200000000002,1.2709200000000003,1.2712200000000002,100.0
2026-01-01T14:28:00Z,1.2712200000000002,1.2715200000000002,1.2711200000000002,1.2714200000000002,100.0
2026-01-01T14:29:00Z,1.2714200000000002,1.2717200000000002,1.2713200000000002,1.2716200000000002,100.0
2026-01-01T14:30:00Z,1.2716200000000002,1.2719200000000002,1.2715200000000002,1.2718200000000002,100.0
2026-01-01T14:31:00Z,1.2718200000000002,1.2721200000000001,1.2717200000000002,1.2720200000000002,100.0
2026-01-01T14:32:00Z,1.2720200000000002,1.2723200000000001,1.2719200000000002,1.2722200000000001,100.0
2026-01-01T14:33:00Z,1.2722200000000001,1.27252,1.2721200000000001,1.27242,100.0
2026-01-01T14:34:00Z,1.27242,1.27272,1.2723200000000001,1.27262,100.0
2026-01-01T14:35:00Z,1.27262,1.27292,1.27252,1.27282,100.0
2026-01-01T14:36:00Z,1.27282,1.27312,1.27272,1.27302,100.0
2026-01-01T14:37:00Z,1.2730200000000003,1.2733200000000002,1.2729200000000003,1.2732200000000002,100.0
2026-01-01T14:38:00Z,1.2732200000000002,1.2735200000000002,1.2731200000000003,1.2734200000000002,100.0
2026-01-01T14:39:00Z,1.2734200000000002,1.2737200000000002,1.2733200000000002,1.2736200000000002,100.0
2026-01-01T14:40:00Z,1.2736200000000002,1.2739200000000002,1.2735200000000002,1.2738200000000002,100.0
2026-01-01T14:41:00Z,1.2738200000000002,1.2741200000000001,1.2737200000000002,1.2740200000000002,100.0
2026-01-01T14:42:00Z,1.2740200000000002,1.2743200000000001,1.2739200000000002,1.2742200000000001,100.0
2026-01-01T14:43:00Z,1.2742200000000001,1.27452,1.2741200000000001,1.27442,100.0
2026-01-01T14:44:00Z,1.27442,1.27472,1.2743200000000001,1.27462,100.0
2026-01-01T14:45:00Z,1.27462,1.27492,1.27452,1.27482,100.0
2026-01-01T14:46:00Z,1.27482,1.27512,1.27472,1.27502,100.0
2026-01-01T14:47:00Z,1.2750200000000003,1.2753200000000002,1.2749200000000003,1.2752200000000002,100.0
2026-01-01T14:48:00Z,1.2752200000000002,1.2755200000000002,1.2751200000000003,1.2754200000000002,100.0
2026-01-01T14:49:00Z,1.2754200000000002,1.2757200000000002,1.2753200000000002,1.2756200000000002,100.0
2026-01-01T14:50:00Z,1.2756200000000002,1.2759200000000002,1.2755200000000002,1.2758200000000002,100.0
2026-01-01T14:51:00Z,1.2758200000000002,1.2761200000000001,1.2757200000000002,1.2760200000000002,100.0
2026-01-01T14:52:00Z,1.2760200000000002,1.2763200000000001,1.2759200000000002,1.2762200000000001,100.0
2026-01-01T14:53:00Z,1.2762200000000001,1.27652,1.2761200000000001,1.27642,100.0
2026-01-01T14:54:00Z,1.27642,1.27672,1.2763200000000001,1.27662,100.0
2026-01-01T14:55:00Z,1.27662,1.27692,1.27652,1.27682,100.0
2026-01-01T14:56:00Z,1.27682,1.27712,1.27672,1.27702,100.0
2026-01-01T14:57:00Z,1.2770200000000003,1.2773200000000002,1.2769200000000003,1.2772200000000002,100.0
2026-01-01T14:58:00Z,1.2772200000000002,1.2775200000000002,1.2771200000000003,1.2774200000000002,100.0
2026-01-01T14:59:00Z,1.2774200000000002,1.2777200000000002,1.2773200000000002,1.2776200000000002,100.0
2026-01-01T15:00:00Z,1.2776200000000002,1.2779200000000002,1.2775200000000002,1.2778200000000002,100.0
2026-01-01T15:01:00Z,1.2778200000000002,1.2781200000000001,1.2777200000000002,1.2780200000000002,100.0
2026-01-01T15:02:00Z,1.2780200000000002,1.2783200000000001,1.2779200000000002,1.2782200000000001,100.0
2026-01-01T15:03:00Z,1.2782200000000001,1.27852,1.2781200000000001,1.2784200000000001,100.0
2026-01-01T15:04:00Z,1.2784200000000001,1.27872,1.2783200000000001,1.27862,100.0
2026-01-01T15:05:00Z,1.27862,1.27892,1.27852,1.27882,100.0
2026-01-01T15:06:00Z,1.27882,1.27912,1.27872,1.27902,100.0
2026-01-01T15:07:00Z,1.2790200000000003,1.2793200000000002,1.2789200000000003,1.2792200000000002,100.0
2026-01-01T15:08:00Z,1.2792200000000002,1.2795200000000002,1.2791200000000003,1.2794200000000002,100.0
2026-01-01T15:09:00Z,1.2794200000000002,1.2797200000000002,1.2793200000000002,1.2796200000000002,100.0
2026-01-01T15:10:00Z,1.2796200000000002,1.2799200000000002,1.2795200000000002,1.2798200000000002,100.0
2026-01-01T15:11:00Z,1.2798200000000002,1.2801200000000001,1.2797200000000002,1.2800200000000002,100.0
2026-01-01T15:12:00Z,1.2800200000000002,1.2803200000000001,1.2799200000000002,1.2802200000000001,100.0
2026-01-01T15:13:00Z,1.2802200000000001,1.28052,1.2801200000000001,1.2804200000000001,100.0
2026-01-01T15:14:00Z,1.2804200000000001,1.28072,1.2803200000000001,1.28062,100.0
2026-01-01T15:15:00Z,1.28062,1.28092,1.28052,1.28082,100.0
2026-01-01T15:16:00Z,1.28082,1.28112,1.28072,1.28102,100.0
2026-01-01T15:17:00Z,1.2810200000000003,1.2813200000000002,1.2809200000000003,1.2812200000000002,100.0
2026-01-01T15:18:00Z,1.2812200000000002,1.2815200000000002,1.2811200000000003,1.2814200000000002,100.0
2026-01-01T15:19:00Z,1.2814200000000002,1.2817200000000002,1.2813200000000002,1.2816200000000002,100.0
2026-01-01T15:20:00Z,1.2816200000000002,1.2819200000000002,1.2815200000000002,1.2818200000000002,100.0
2026-01-01T15:21:00Z,1.2818200000000002,1.2821200000000001,1.2817200000000002,1.2820200000000002,100.0
2026-01-01T15:22:00Z,1.2820200000000002,1.2823200000000001,1.2819200000000002,1.2822200000000001,100.0
2026-01-01T15:23:00Z,1.2822200000000001,1.28252,1.2821200000000001,1.2824200000000001,100.0
2026-01-01T15:24:00Z,1.2824200000000001,1.28272,1.2823200000000001,1.28262,100.0
2026-01-01T15:25:00Z,1.28262,1.28292,1.28252,1.28282,100.0
2026-01-01T15:26:00Z,1.28282,1.28312,1.28272,1.28302,100.0
2026-01-01T15:27:00Z,1.28302,1.28332,1.28292,1.28322,100.0
2026-01-01T15:28:00Z,1.2832200000000002,1.2835200000000002,1.2831200000000003,1.2834200000000002,100.0
2026-01-01T15:29:00Z,1.2834200000000002,1.2837200000000002,1.2833200000000002,1.2836200000000002,100.0
2026-01-01T15:30:00Z,1.2836200000000002,1.2839200000000002,1.2835200000000002,1.2838200000000002,100.0
2026-01-01T15:31:00Z,1.2838200000000002,1.2841200000000002,1.2837200000000002,1.2840200000000002,100.0
2026-01-01T15:32:00Z,1.2840200000000002,1.2843200000000001,1.2839200000000002,1.2842200000000001,100.0
2026-01-01T15:33:00Z,1.2842200000000001,1.28452,1.2841200000000002,1.2844200000000001,100.0
2026-01-01T15:34:00Z,1.2844200000000001,1.28472,1.2843200000000001,1.28462,100.0
2026-01-01T15:35:00Z,1.28462,1.28492,1.28452,1.28482,100.0
2026-01-01T15:36:00Z,1.28482,1.28512,1.28472,1.28502,100.0
2026-01-01T15:37:00Z,1.2850200000000003,1.2853200000000002,1.2849200000000003,1.2852200000000003,100.0
2026-01-01T15:38:00Z,1.2852200000000003,1.2855200000000002,1.2851200000000003,1.2854200000000002,100.0
2026-01-01T15:39:00Z,1.2854200000000002,1.2857200000000002,1.2853200000000002,1.2856200000000002,100.0
2026-01-01T15:40:00Z,1.2856200000000002,1.2859200000000002,1.2855200000000002,1.2858200000000002,100.0
2026-01-01T15:41:00Z,1.2858200000000002,1.2861200000000002,1.2857200000000002,1.2860200000000002,100.0
2026-01-01T15:42:00Z,1.2860200000000002,1.2863200000000001,1.2859200000000002,1.2862200000000001,100.0
2026-01-01T15:43:00Z,1.2862200000000001,1.28652,1.2861200000000002,1.2864200000000001,100.0
2026-01-01T15:44:00Z,1.2864200000000001,1.28672,1.2863200000000001,1.28662,100.0
2026-01-01T15:45:00Z,1.28662,1.28692,1.28652,1.28682,100.0
2026-01-01T15:46:00Z,1.28682,1.28712,1.28672,1.28702,100.0
2026-01-01T15:47:00Z,1.28702,1.28732,1.28692,1.28722,100.0
2026-01-01T15:48:00Z,1.2872200000000003,1.2875200000000002,1.2871200000000003,1.2874200000000002,100.0
2026-01-01T15:49:00Z,1.2874200000000002,1.2877200000000002,1.2873200000000002,1.2876200000000002,100.0
2026-01-01T15:50:00Z,1.2876200000000002,1.2879200000000002,1.2875200000000002,1.2878200000000002,100.0
2026-01-01T15:51:00Z,1.2878200000000002,1.2881200000000002,1.2877200000000002,1.2880200000000002,100.0
2026-01-01T15:52:00Z,1.2880200000000002,1.2883200000000001,1.2879200000000002,1.2882200000000001,100.0
2026-01-01T15:53:00Z,1.2882200000000001,1.28852,1.2881200000000002,1.2884200000000001,100.0
2026-01-01T15:54:00Z,1.2884200000000001,1.28872,1.2883200000000001,1.28862,100.0
2026-01-01T15:55:00Z,1.28862,1.28892,1.28852,1.28882,100.0
2026-01-01T15:56:00Z,1.28882,1.28912,1.28872,1.28902,100.0
2026-01-01T15:57:00Z,1.28902,1.28932,1.28892,1.28922,100.0
2026-01-01T15:58:00Z,1.2892200000000003,1.2895200000000002,1.2891200000000003,1.2894200000000002,100.0
2026-01-01T15:59:00Z,1.2894200000000002,1.2897200000000002,1.2893200000000002,1.2896200000000002,100.0
2026-01-01T16:00:00Z,1.2896200000000002,1.2899200000000002,1.2895200000000002,1.2898200000000002,100.0
2026-01-01T16:01:00Z,1.2898200000000002,1.2901200000000002,1.2897200000000002,1.2900200000000002,100.0
2026-01-01T16:02:00Z,1.2900200000000002,1.2903200000000001,1.2899200000000002,1.2902200000000001,100.0
2026-01-01T16:03:00Z,1.2902200000000001,1.2905200000000001,1.2901200000000002,1.2904200000000001,100.0
2026-01-01T16:04:00Z,1.2904200000000001,1.29072,1.2903200000000001,1.29062,100.0
2026-01-01T16:05:00Z,1.29062,1.29092,1.2905200000000001,1.29082,100.0
2026-01-01T16:06:00Z,1.29082,1.29112,1.29072,1.29102,100.0
2026-01-01T16:07:00Z,1.29102,1.29132,1.29092,1.29122,100.0
2026-01-01T16:08:00Z,1.2912200000000003,1.2915200000000002,1.2911200000000003,1.2914200000000002,100.0
2026-01-01T16:09:00Z,1.2914200000000002,1.2917200000000002,1.2913200000000002,1.2916200000000002,100.0
2026-01-01T16:10:00Z,1.2916200000000002,1.2919200000000002,1.2915200000000002,1.2918200000000002,100.0
2026-01-01T16:11:00Z,1.2918200000000002,1.2921200000000002,1.2917200000000002,1.2920200000000002,100.0
2026-01-01T16:12:00Z,1.2920200000000002,1.2923200000000001,1.2919200000000002,1.2922200000000001,100.0
2026-01-01T16:13:00Z,1.2922200000000001,1.2925200000000001,1.2921200000000002,1.2924200000000001,100.0
2026-01-01T16:14:00Z,1.2924200000000001,1.29272,1.2923200000000001,1.29262,100.0
2026-01-01T16:15:00Z,1.29262,1.29292,1.2925200000000001,1.29282,100.0
2026-01-01T16:16:00Z,1.29282,1.29312,1.29272,1.29302,100.0
2026-01-01T16:17:00Z,1.29302,1.29332,1.29292,1.29322,100.0
2026-01-01T16:18:00Z,1.2932200000000003,1.2935200000000002,1.2931200000000003,1.2934200000000002,100.0
2026-01-01T16:19:00Z,1.2934200000000002,1.2937200000000002,1.2933200000000002,1.2936200000000002,100.0
2026-01-01T16:20:00Z,1.2936200000000002,1.2939200000000002,1.2935200000000002,1.2938200000000002,100.0
2026-01-01T16:21:00Z,1.2938200000000002,1.2941200000000002,1.2937200000000002,1.2940200000000002,100.0
2026-01-01T16:22:00Z,1.2940200000000002,1.2943200000000001,1.2939200000000002,1.2942200000000001,100.0
2026-01-01T16:23:00Z,1.2942200000000001,1.2945200000000001,1.2941200000000002,1.2944200000000001,100.0
2026-01-01T16:24:00Z,1.2944200000000001,1.29472,1.2943200000000001,1.29462,100.0
2026-01-01T16:25:00Z,1.29462,1.29492,1.2945200000000001,1.29482,100.0
2026-01-01T16:26:00Z,1.29482,1.29512,1.29472,1.29502,100.0
2026-01-01T16:27:00Z,1.29502,1.29532,1.29492,1.29522,100.0
2026-01-01T16:28:00Z,1.2952200000000003,1.2955200000000002,1.2951200000000003,1.2954200000000002,100.0
2026-01-01T16:29:00Z,1.2954200000000002,1.2957200000000002,1.2953200000000002,1.2956200000000002,100.0
2026-01-01T16:30:00Z,1.2956200000000002,1.2959200000000002,1.2955200000000002,1.2958200000000002,100.0
2026-01-01T16:31:00Z,1.2958200000000002,1.2961200000000002,1.2957200000000002,1.2960200000000002,100.0
2026-01-01T16:32:00Z,1.2960200000000002,1.2963200000000001,1.2959200000000002,1.2962200000000001,100.0
2026-01-01T16:33:00Z,1.2962200000000001,1.2965200000000001,1.2961200000000002,1.2964200000000001,100.0
2026-01-01T16:34:00Z,1.2964200000000001,1.29672,1.2963200000000001,1.29662,100.0
2026-01-01T16:35:00Z,1.29662,1.29692,1.2965200000000001,1.29682,100.0
2026-01-01T16:36:00Z,1.29682,1.29712,1.29672,1.29702,100.0
2026-01-01T16:37:00Z,1.29702,1.29732,1.29692,1.29722,100.0
2026-01-01T16:38:00Z,1.2972200000000003,1.2975200000000002,1.2971200000000003,1.2974200000000002,100.0
2026-01-01T16:39:00Z,1.2974200000000002,1.2977200000000002,1.2973200000000003,1.2976200000000002,100.0
2026-01-01T16:40:00Z,1.2976200000000002,1.2979200000000002,1.2975200000000002,1.2978200000000002,100.0
